k,steps,jahr,module,Q,top1,top2,rosenbluth
10,3,2016,145,0.758145460216324,0.17596447404940327,0.30925617540938105,0.023065473808876014
10,3,2017,162,0.7572629921816796,0.20330280321953928,0.2702608936996947,0.018268243525877477
10,3,2018,164,0.7712902228158784,0.177699139605884,0.2331390507910075,0.01644375782995338
10,3,2019,131,0.794660981387751,0.18755203996669442,0.24188176519567028,0.022092299579676067
10,3,2020,135,0.8024076645008502,0.2062864279766861,0.2808076602830974,0.023003990422984837
10,3,2021,157,0.7949681550983587,0.20142936441854012,0.25825700804884816,0.018239620931774808
10,3,2022,171,0.8034020053460678,0.15244240910352483,0.19893144601720789,0.015919514328888416
10,3,2023,134,0.804353476133645,0.19254787676935886,0.2416736053288926,0.021202473916190498
10,3,2024,129,0.8058594951673496,0.20253955037468777,0.2862892034415765,0.024013196261059366
10,4,2016,130,0.763407669816599,0.1682625589786289,0.3182764363030808,0.02519545181186277
10,4,2017,120,0.7631004991610445,0.2384818207049681,0.3161948376353039,0.026474348611988774
10,4,2018,116,0.7869425615330204,0.21051901193449904,0.2719955592561754,0.02546127808125278
10,4,2019,131,0.795160410833276,0.18623369414376909,0.2412572855953372,0.02130206901444674
10,4,2020,143,0.7989321464502208,0.184082708853733,0.22793505412156537,0.01944068244727059
10,4,2021,122,0.814475474650666,0.1721482098251457,0.24528170968637247,0.024536242543106972
10,4,2022,129,0.8153621905513544,0.1569525395503747,0.1967804607271718,0.021846624929891315
10,4,2023,125,0.817638824787516,0.145503746877602,0.2322370247016375,0.02280747842215041
10,4,2024,130,0.8195658028309383,0.1273938384679434,0.2326533444351929,0.021538994966463013
10,5,2016,110,0.7708363460361993,0.17547876769358867,0.30870108243130723,0.030089441553994806
10,5,2017,114,0.7767219404802695,0.17249514293644186,0.27921176797113517,0.027104694987549745
10,5,2018,97,0.7955451972198117,0.1818623369414377,0.3046072717180128,0.03340270985625617
10,5,2019,129,0.8016245168228606,0.16056064390785457,0.21294754371357202,0.02075060400210789
10,5,2020,128,0.8079864892355075,0.1821398834304746,0.2632528448515126,0.022351532596760485
10,5,2021,127,0.8122214562995184,0.16194837635303913,0.20642520122120456,0.021414816223669822
10,5,2022,123,0.822031126386873,0.12808770469053565,0.1965029142381349,0.023606492932138703
10,5,2023,116,0.8196391078069686,0.17443796835970024,0.23917568692756036,0.0251585941073168
10,5,2024,116,0.8136696314994811,0.184082708853733,0.2424368581737441,0.02447257957154307
10,6,2016,96,0.7568882248489309,0.23896752706078267,0.3109214543436026,0.03509233286582515
10,6,2017,130,0.7777720505878573,0.10317790729947267,0.20038856508465167,0.02116324420844885
10,6,2018,103,0.7854030200253785,0.22328615043019706,0.28025256730502357,0.028083713316964805
10,6,2019,108,0.8063854713163452,0.19220094365806273,0.2547876769358868,0.0269634164137833
10,6,2020,122,0.8072335126110489,0.18442964196502915,0.25520399666944216,0.023338817707186255
10,6,2021,111,0.8178056263756717,0.1772828198723286,0.23723286150430198,0.026014816098427415
10,6,2022,115,0.8203414838175687,0.16708298640022204,0.22085761865112408,0.024973574312498917
10,6,2023,111,0.8202708940587793,0.15917291146266999,0.22099639189564252,0.024469587894922713
10,6,2024,98,0.8235267585370064,0.16777685262281433,0.2294615598112684,0.028946269040426763
10,7,2016,109,0.772675765723916,0.13197335553705244,0.2345961698584513,0.027749751615462226
10,7,2017,93,0.7871604908293706,0.12753261171246183,0.25284485151262837,0.033340119184217344
10,7,2018,93,0.798021360577132,0.1594504579517069,0.31480710519011934,0.03268694291351977
10,7,2019,105,0.816272091861044,0.16049125728559532,0.21766583402719955,0.027382476886772734
10,7,2020,111,0.8192948958692428,0.1623646960865945,0.2121149042464613,0.025261342363754914
10,7,2021,103,0.8219197019203012,0.15348320843741325,0.26019983347210657,0.02929470735782554
10,7,2022,102,0.8229873265776979,0.1643075215098529,0.21565362198168192,0.02700423838379296
10,7,2023,108,0.8253659598323317,0.10893699694698862,0.2146128226477935,0.025434227849173548
10,7,2024,105,0.8202337159697964,0.14127116291978906,0.24819594782126006,0.026243622100582342
10,8,2016,96,0.7837554531679879,0.12635303913405496,0.22404940327504858,0.032002060637820705
10,8,2017,110,0.7814046206285377,0.11455731334998612,0.22668609492089925,0.025958493787757074
10,8,2018,109,0.7980048957533,0.15396891479322786,0.2155842353594227,0.025034567575266987
10,8,2019,85,0.8178822360643355,0.12538162642242576,0.24764085484318624,0.03512551791372167
10,8,2020,120,0.8181001276417483,0.13592839300582849,0.21697196780460729,0.022875101185657828
10,8,2021,92,0.8267292592295091,0.14529558701082432,0.25825700804884816,0.035153963236155016
10,8,2022,101,0.8271969087834975,0.13266722175964474,0.26186511240632804,0.02857709390862944
10,8,2023,119,0.826949069191647,0.08721898417985012,0.15070774354704414,0.021244730092278664
10,8,2024,102,0.8234587122748375,0.13752428531779073,0.21690258118234804,0.0262530876341618
15,3,2016,110,0.716067429889104,0.1872744934776575,0.33284762697751874,0.028783932765590298
15,3,2017,76,0.7397163020180807,0.22398001665278935,0.382736608381904,0.04651463022611817
15,3,2018,85,0.7424884418533103,0.2526366916458507,0.32014987510407994,0.03600371728638094
15,3,2019,82,0.7707835687181666,0.21822092700527337,0.2996114349153483,0.034921588772365134
15,3,2020,108,0.7782043968809252,0.16541770746600057,0.21884540660560645,0.024536660276556696
15,3,2021,103,0.770637922136639,0.21135165140160977,0.31439078545656396,0.02795428624630496
15,3,2022,106,0.7810624298517674,0.1760338606716625,0.25596724951429367,0.025069754173073847
15,3,2023,102,0.7684510826801237,0.2080210935331668,0.27532611712461835,0.02614791752846661
15,3,2024,94,0.7804225725555826,0.20149875104079934,0.2760199833472107,0.02940156432969248
15,4,2016,115,0.7215561668111896,0.14217318900915904,0.27844851512628366,0.024844934646719923
15,4,2017,92,0.7358848227105835,0.22620038856508465,0.30287260616153205,0.03202880192012801
15,4,2018,86,0.7610131436104293,0.18012767138495697,0.27456286427976684,0.0332777626407932
15,4,2019,88,0.777824237155431,0.17131557035803496,0.24743269497640855,0.030807379064149976
15,4,2020,93,0.783921003488599,0.18373577574243685,0.24222869830696642,0.02936143164482691
15,4,2021,85,0.7821559511108113,0.2112128781570913,0.28309741881765194,0.03296100118011911
15,4,2022,96,0.7819462983242355,0.17082986400222036,0.21405772966971967,0.026697491413900036
15,4,2023,89,0.786794942941512,0.17707466000555094,0.28240355259505967,0.030759905406674462
15,4,2024,87,0.7933313921903759,0.14807105190119346,0.27255065223424924,0.03222517373688588
15,5,2016,118,0.7242669026519057,0.1162225922842076,0.2243269497640855,0.02333496326184316
15,5,2017,56,0.7343344118224904,0.2543713572023314,0.35685539827921176,0.05786882744553216
15,5,2018,64,0.7681995227675379,0.17638079378295865,0.3486677768526228,0.05074647887323944
15,5,2019,60,0.7902458533379358,0.20489869553150153,0.3029419927837913,0.048991413245222215
15,5,2020,78,0.7835771426186807,0.1872051068553983,0.2493061337774077,0.03571782619902056
15,5,2021,70,0.7954159802632776,0.18102969747432696,0.30231751318345823,0.04206114801368183
15,5,2022,80,0.7880997407637331,0.17589508742714405,0.2472939217318901,0.0360060559727781
15,5,2023,89,0.7942542915875052,0.152789342214821,0.23695531501526507,0.03004102187833511
15,5,2024,91,0.7803429170608769,0.17908687205106855,0.2543713572023314,0.02955968134942448
15,6,2016,98,0.7242234287457602,0.13509575353871772,0.24805717457674162,0.028055503644178657
15,6,2017,114,0.7339652040786084,0.10054121565362198,0.17117679711351652,0.021820097745317128
15,6,2018,59,0.7590874158911088,0.24014709963918957,0.3218151540383014,0.052586640979048534
15,6,2019,71,0.78723626462338,0.16701359977796282,0.23966139328337496,0.037734465821140935
15,6,2020,62,0.7940109815829156,0.1867194004995837,0.27865667499306135,0.04595985687771464
15,6,2021,71,0.7944988428525676,0.167985012489592,0.32646405772966974,0.042418177537085
15,6,2022,69,0.7901410861379603,0.20177629752983625,0.32750485706355814,0.046064154851247166
15,6,2023,76,0.799392640378451,0.15507910074937553,0.26235081876214267,0.036748994068959186
15,6,2024,73,0.7924264007589232,0.19310296974743268,0.2851096308631696,0.03956949096699797
15,7,2016,75,0.7301711963857797,0.18595614765473217,0.30259505967249517,0.04001754863359453
15,7,2017,84,0.7507533158004108,0.10477379961143492,0.20829864002220372,0.031172539095451302
15,7,2018,82,0.7598349081250835,0.19053566472384123,0.25166527893422147,0.03285565125408644
15,7,2019,56,0.7986664598517959,0.161601443241743,0.2653344435192895,0.05063131046984676
15,7,2020,68,0.7931950972049892,0.1791562586733278,0.3064113238967527,0.04099349201292495
15,7,2021,90,0.7983829766677686,0.11990008326394672,0.20864557313349985,0.028346419523861972
15,7,2022,72,0.8006746990550261,0.15896475159589232,0.21870663336108798,0.03866771841143612
15,7,2023,66,0.8002696922421539,0.17790729947266168,0.3061337774077158,0.04489048366599387
15,7,2024,70,0.7951598942665934,0.1594504579517069,0.2649181237857341,0.040155137249657295
15,8,2016,91,0.7256049083997066,0.12101026922009436,0.22689425478767694,0.03047926809151394
15,8,2017,80,0.7482187199240963,0.1242714404662781,0.24174299195115181,0.033266240720907045
15,8,2018,48,0.7749268276302209,0.19303358312517346,0.3445045795170691,0.06696901544580955
15,8,2019,51,0.7927063830128973,0.1740216486261449,0.32611712461837356,0.05884418458422819
15,8,2020,58,0.7967476936599602,0.17249514293644186,0.27137107965584234,0.047883898490919605
15,8,2021,50,0.8029814213097389,0.16402997502081598,0.32653344435192894,0.05976958104891219
15,8,2022,51,0.798234919841444,0.17416042187066333,0.33923119622536774,0.06071892010313622
15,8,2023,72,0.7968066691188669,0.17686650013877325,0.29572578406883154,0.041342512908777974
15,8,2024,65,0.8031136993611864,0.14439356092145433,0.2631834582292534,0.04462776136595879
25,3,2016,94,0.6548443974356175,0.2040660560643908,0.28913405495420486,0.027323606139659045
25,3,2017,54,0.6892228159020949,0.2918401332223147,0.3735775742436858,0.056027243888785216
25,3,2018,46,0.7243968619082757,0.20101304468498474,0.3120316402997502,0.0625482826564358
25,3,2019,45,0.7295800884984205,0.24548986955315016,0.3320843741326672,0.06371578128315768
25,3,2020,62,0.7362961778521765,0.22377185678601166,0.33916180960310854,0.04550420247665116
25,3,2021,50,0.7544061660688998,0.20004163197335553,0.3291701359977796,0.05882833164614832
25,3,2022,60,0.7314599693092266,0.22238412434082708,0.30779905634193727,0.04401901015259435
25,3,2023,67,0.7454742346399377,0.19032750485706357,0.2647099639189564,0.03867435931839528
25,3,2024,49,0.7435457879056507,0.23494310296974744,0.3276436303080766,0.058002978226747694
25,4,2016,85,0.6524369978226296,0.1999722453510963,0.31869275603663616,0.0300153700687696
25,4,2017,43,0.7155316284095897,0.1696502914238135,0.33721898417985013,0.0666537170130699
25,4,2018,52,0.7294833440176817,0.1718706633361088,0.26672217596447406,0.05081088703990974
25,4,2019,42,0.7396552636787026,0.23320843741326672,0.3267416042187066,0.06533150799191288
25,4,2020,50,0.7518760402118657,0.17277268942547877,0.2741465445462115,0.050216377814479546
25,4,2021,62,0.746946491700389,0.17596447404940327,0.28365251179572576,0.0423302179953358
25,4,2022,54,0.7423646974289156,0.1985151262836525,0.28226477935054123,0.04694554290963341
25,4,2023,55,0.7609715746921772,0.15202608936996947,0.2726894254787677,0.047450975227509185
25,4,2024,72,0.739248015858354,0.1562586733277824,0.21759644740494033,0.032688129119470895
25,5,2016,70,0.661717242503202,0.1506383569247849,0.29163197335553703,0.037191874148395886
25,5,2017,29,0.7087406175277666,0.27407715792395226,0.3875242853177907,0.09867312985252434
25,5,2018,41,0.7164498276443165,0.25645295587010825,0.34082708853733,0.06516725901408069
25,5,2019,41,0.7513354157530028,0.17173189009159034,0.3307660283097419,0.06653678174716761
25,5,2020,50,0.7565148896413972,0.17714404662781016,0.2781015820149875,0.0511913388176122
25,5,2021,43,0.7642551191944366,0.1782542325839578,0.32334165972800444,0.0622677704232411
25,5,2022,46,0.7563747321699439,0.18866222592284207,0.2702608936996947,0.055099325595265404
25,5,2023,49,0.7605963827135486,0.16756869275603664,0.2853871773522065,0.051893993950741756
25,5,2024,65,0.7519200431638179,0.14099361643075214,0.21183735775742438,0.03706046626448398
25,6,2016,44,0.6824647765384709,0.27338329170136,0.3831529281154593,0.0669416420489382
25,6,2017,26,0.7028229575915071,0.2942686650013877,0.414029975020816,0.11128785655819987
25,6,2018,35,0.7421499930948259,0.1682625589786289,0.32167638079378297,0.07657241225413625
25,6,2019,58,0.74589557774831206,0.1257285595337219,0.20330280321953928,0.03959079621123882
25,6,2020,39,0.7723839641072778,0.1176797113516514,0.22821260061060228,0.06463070092829275
25,6,2021,42,0.7625994369714872,0.19122953094643352,0.34256175409381073,0.06684105075690117
25,6,2022,40,0.7683885528211012,0.17436858173744102,0.28011379406050513,0.06775549349806775
25,6,2023,39,0.7621201184937835,0.17957257840688315,0.282195392728282,0.06417312316323805
25,6,2024,52,0.7549843003657949,0.15979739106300306,0.2907299472661671,0.04548208740437779
25,7,2016,42,0.6733123859504531,0.27248126561199,0.4267277268942548,0.07171505060658234
25,7,2017,49,0.7006381039668718,0.20469053566472384,0.2926727726894255,0.051575315993644344
25,7,2018,39,0.7304336348177632,0.20184568415209547,0.2966278101582015,0.06791769950706415
25,7,2019,47,0.7524040832660358,0.14210380238689982,0.22585345545378852,0.04873001704130488
25,7,2020,42,0.7619069161949261,0.1750624479600333,0.28386067166250345,0.06113877976973266
25,7,2021,46,0.7663050527912503,0.1432833749653067,0.23605328892589508,0.05485980525758833
25,7,2022,42,0.766894660337613,0.15056897030252567,0.2810158201498751,0.059936121369398146
25,7,2023,43,0.7626758968726474,0.11282264779350541,0.22051068553982792,0.0534173461823573
25,7,2024,47,0.7568944632341961,0.16999722453510963,0.2829586455731335,0.05360570127802657
25,8,2016,53,0.6769408098314545,0.1874826533444352,0.2716486261448793,0.048795021634761876
25,8,2017,42,0.7086379095094382,0.24014709963918957,0.35109630863169583,0.06603799521623181
25,8,2018,44,0.7357801925238794,0.1729114626699972,0.2734526783236192,0.058188924239732556
25,8,2019,36,0.7569909759934002,0.1813766305856231,0.3220233139050791,0.0730550092256534
25,8,2020,47,0.7655296862726244,0.12663058562309187,0.24576741604218708,0.05142918317096671
25,8,2021,37,0.7671440886262708,0.1618096031085207,0.2992645018040522,0.07138823669272149
25,8,2022,41,0.7711232405843329,0.14959755759089646,0.27546489036913685,0.06075782870440634
25,8,2023,43,0.7584439347271528,0.16618096031085205,0.2908687205106855,0.05713198392122351
25,8,2024,43,0.7590928347730395,0.18519289480988066,0.28941160144324174,0.05807356307017826
50,3,2016,56,0.5641647235315027,0.19490702192617262,0.3383291701359978,0.04279707321708558
50,3,2017,25,0.6354237576948153,0.2839300582847627,0.3884956980294199,0.10136304173524074
50,3,2018,23,0.66107648123824,0.25763252844851514,0.40077713016930333,0.11418701570348772
50,3,2019,36,0.6693592761802336,0.23917568692756036,0.335970024979184,0.0687070938215103
50,3,2020,27,0.6830115733511218,0.2766444629475437,0.38634471273938387,0.09559564871318652
50,3,2021,35,0.6806137004715306,0.24084096586178186,0.36018595614765475,0.07063182450843936
50,3,2022,33,0.7007706851353518,0.1960172078823203,0.31099084096586177,0.0684395479152816
50,3,2023,35,0.6778073061225557,0.24542048293089092,0.3268109908409659,0.06752881641833006
50,3,2024,42,0.6725147872498684,0.16978906466833193,0.304676658340272,0.05386093027079954
50,4,2016,20,0.5949151087360796,0.30162364696086597,0.5942964196502915,0.1484426499670402
50,4,2017,25,0.6259755350910254,0.3246600055509298,0.42950319178462393,0.1048618286063534
50,4,2018,34,0.6513063623549382,0.2019150707743547,0.31217041354426867,0.06929046030173948
50,4,2019,40,0.6724661262832894,0.2073272273105745,0.3073827366083819,0.057659531906381276
50,4,2020,36,0.6916023167767882,0.10921454343602553,0.21815154038301415,0.05785767621861626
50,4,2021,26,0.7043539221866263,0.2216902581182348,0.3321537607549265,0.09247234555860688
50,4,2022,29,0.7041776871031896,0.19393560921454345,0.3215376075492645,0.07761322634498358
50,4,2023,27,0.7040377365429891,0.17416042187066333,0.2862892034415765,0.08414783674899282
50,4,2024,26,0.6878201834510999,0.245142936441854,0.3793366638912018,0.09928765311324525
50,5,2016,36,0.587988425279474,0.2407715792395226,0.3930058284762698,0.07020654715510521
50,5,2017,40,0.622347789532577,0.13467943380516237,0.23098806550097142,0.050975509684356476
50,5,2018,21,0.6530223604605693,0.2989869553150153,0.4851512628365251,0.12710339718488728
50,5,2019,23,0.6790268001554872,0.26304468498473493,0.3637246738828754,0.10590828924162257
50,5,2020,27,0.6883958366413692,0.24222869830696642,0.3442270330280322,0.08933906941568827
50,5,2021,27,0.7018944804753524,0.1813766305856231,0.31772134332500696,0.0862952672925848
50,5,2022,26,0.713877462545975,0.21225367749097973,0.3347210657785179,0.09010879079654871
50,5,2023,27,0.7084517893974206,0.15494032750485706,0.26956702747710243,0.08498142579161506
50,5,2024,37,0.6793821870741699,0.20392728281987232,0.3151540383014155,0.05841202934381713
50,6,2016,32,0.5767036046626965,0.34610047182903136,0.4401887316125451,0.0809408276047985
50,6,2017,33,0.6224436387815926,0.22814321398834306,0.34852900360810435,0.07244176811798177
50,6,2018,27,0.6598560476617495,0.17686650013877325,0.3202192617263392,0.078634642455723
50,6,2019,26,0.6786033121436879,0.2692894809880655,0.3722592284207605,0.09365617811050025
50,6,2020,25,0.7040514405040575,0.2036497363308354,0.3116847071884541,0.09086553011197418
50,6,2021,24,0.7025940648163562,0.2119067443796836,0.339300582847627,0.0986069678973152
50,6,2022,27,0.7010494929938925,0.1958090480155426,0.3021787399389398,0.08397818385232146
50,6,2023,26,0.7022873838868112,0.2033721898417985,0.32452123230641133,0.08936011904761905
50,6,2024,26,0.6935593661032271,0.22911462669997223,0.33680266444629475,0.09020241090540389
50,7,2016,22,0.5856066440560974,0.3800999167360533,0.5152650568970303,0.12990337467551197
50,7,2017,29,0.6325828839829503,0.17804607271718012,0.315917291146267,0.07700610192675551
50,7,2018,29,0.6664216934600665,0.1348182070496808,0.25152650568970303,0.07011296301701743
50,7,2019,23,0.687913052102992,0.25284485151262837,0.3644879267277269,0.10599241020210043
50,7,2020,26,0.706075736643269,0.2077435470441299,0.3388842631140716,0.0916129524390709
50,7,2021,24,0.710693806794042,0.1879683597002498,0.30585623091867886,0.09427864927452802
50,7,2022,27,0.7002336464680023,0.2302248126561199,0.3297946155981127,0.08428858840593272
50,7,2023,24,0.7083608471572814,0.19886205939494866,0.32098251457119065,0.09484574076024008
50,7,2024,26,0.7062070729292811,0.17908687205106855,0.29870940882597835,0.0844347581552306
50,8,2016,27,0.5985983162962364,0.2426450180405218,0.413127948931446,0.09570229494262644
50,8,2017,23,0.6214556781792587,0.305578684429642,0.4337357757424369,0.11261662525200432
50,8,2018,19,0.6559101083342462,0.27872606161532054,0.4733555370524563,0.1342449420619248
50,8,2019,26,0.6820557306294414,0.27893422148209823,0.3892589508742714,0.09569212790821204
50,8,2020,25,0.7083550395265092,0.16971967804607271,0.3029419927837913,0.086356282581341
50,8,2021,24,0.7037495628806392,0.19740494032750486,0.3166805439911185,0.09784911194394655
50,8,2022,27,0.7056787959155525,0.22703302803219538,0.32389675270607826,0.08692715056033391
50,8,2023,26,0.7127881526077119,0.13884263114071607,0.2575631418262559,0.08205607050946274
50,8,2024,25,0.6948793540685958,0.22953094643352762,0.34776575076325283,0.09423426486550106
