jahr,k_native,n,eta2_native,benchmark,ueberschuss,omega2_native
2016,95,10941,0.156853711657715,0.008592321755027423,0.14826138990268758,0.14953471564585352
2017,95,9409,0.20268739284879903,0.009991496598639456,0.19269589625015957,0.19462398709071718
2018,120,8606,0.26134131678630745,0.013829169087739686,0.24751214769856777,0.2509611897577435
2019,142,8934,0.29355069100154707,0.015784171051158626,0.2777665199503884,0.2821984717699543
2020,161,8786,0.29572570252531055,0.01821286283437678,0.27751283969093377,0.2826378251743871
2021,175,8980,0.32026111161686666,0.01937854994988306,0.3008825616669836,0.3068047670728592
2022,195,8754,0.3290806222383349,0.02216382954415629,0.3069167926941786,0.3138488280396922
2023,205,8430,0.36390354589353413,0.024202159212243446,0.3397013866812907,0.3480998861074008
2024,192,8559,0.34712844165339185,0.022318298667913065,0.3248101429854788,0.33219891483763786
