Cluster,n 2016,n 2024,z 2016,z 2024,Beitrag,Kennzeichnende Wörter 2016
26,218,216,"0,52","1,08","0,0210","anime, manga, episode, series, show, episodes, arc, mal"
17,95,95,"0,83","1,28","0,0102","london, pay, year, any, work, tax, money, years"
3,1662,1438,"0,00","−0,29","0,0087","sex, girl, sexy, looking, kik, cock, hot, cum"
88,154,151,"0,02","0,72","0,0082","nintendo, mario, game, wii, games, smash, raving, fnaf"
8,62,62,"0,72","1,11","0,0050","austin, imagesofnetwork, houston, texas, romo, year, dak, crossposting"
87,66,66,"0,79","0,99","0,0032","game, characters, sfv, character, games, play, story, capcom"
14,85,85,"−0,28","−0,74","0,0032","cricket, india, bowling, kohli, dubai, pakistan, batting, test"
73,69,69,"0,44","0,77","0,0032","engineering, printer, arduino, print, voltage, work, design, printing"
63,320,307,"0,13","0,31","0,0031","irl, guy, someone, right, actually, fucking, thing, something"
42,38,38,"0,78","1,13","0,0030","aircraft, flight, flying, pilot, plane, fly, pilots, air"
36,183,183,"−0,23","−0,52","0,0029","ronald, mcdonald, episode, show, season, rick, ford, scene"
4,74,74,"0,17","0,62","0,0029","sydney, melbourne, imagesofnetwork, afl, australia, brisbane, year, nrl"
53,56,53,"−0,25","0,75","0,0027","video, channel, videos, youtube, feedback, audio, views, content"
71,58,54,"−0,44","−0,89","0,0025","keys, holo, game, sticker, katowice, steam, awp, games"
28,72,70,"0,39","0,63","0,0022","game, games, cards, play, board, dice, played, rules"
31,34,34,"0,32","0,73","0,0016","wars, star, luke, jedi, vader, rey, force, anakin"
18,44,41,"0,19","0,62","0,0016","beer, bottle, yeast, beers, bottles, wine, bourbon, cigars"
55,69,69,"−0,30","−0,61","0,0014","tank, fish, water, plants, betta, gallon, shrimp, filter"
77,31,30,"0,30","0,72","0,0014","halo, cod, map, game, maps, zombies, play, weapons"
90,46,46,"−1,04","−1,24","0,0014","school, college, schools, math, classes, gpa, class, students"
86,120,120,"0,11","−0,39","0,0014","game, games, play, gta, sony, psvr, played, story"
89,88,85,"0,53","0,60","0,0014","damage, game, level, dps, pvp, units, gear, skill"
91,39,39,"0,07","0,56","0,0013","deck, clan, elixir, level, tower, zap, hog, arena"
7,60,59,"1,65","1,62","0,0013","gun, barrel, rifle, glock, ammo, trigger, mags, rounds"
6,154,153,"−0,04","−0,33","0,0012","vancouver, year, city, pay, canada, years, any, tax"
79,98,96,"−0,04","0,32","0,0011","skin, makeup, hair, products, face, palette, foundation, lip"
41,30,23,"−0,79","−1,18","0,0010","search, restrict, legacy, author, feature, sort, com, self"
76,61,61,"0,06","−0,45","0,0010","yarn, pattern, stitch, knitting, knit, fabric, stitches, crochet"
5,65,64,"0,53","0,59","0,0009","japanese, japan, tokyo, song, kpop, babymetal, kanji, korean"
67,31,30,"−0,53","−0,84","0,0009","cat, dog, cats, dogs, animals, cute, animal, baby"
84,124,123,"0,33","−0,43","0,0009","game, war, civ, server, play, map, base, any"
49,52,52,"−0,33","−0,59","0,0009","mobile, phone, sprint, roku, service, data, lte, app"
15,240,238,"−0,02","0,16","0,0008","english, language, china, chinese, trip, travel, country, spanish"
13,46,46,"0,46","0,54","0,0007","god, church, jesus, christian, bible, faith, believe, christ"
52,103,95,"0,18","0,28","0,0007","server, network, router, plex, windows, file, work, data"
43,54,54,"−0,07","−0,40","0,0006","bike, running, race, run, ride, miles, bikes, marathon"
19,102,101,"−0,18","−0,36","0,0006","art, drawing, draw, painting, scp, artist, work, paint"
70,110,108,"0,11","0,22","0,0006","business, job, company, work, marketing, product, sales, site"
25,37,37,"0,04","0,37","0,0006","camera, film, video, render, footage, premiere, work, blender"
56,77,77,"−0,74","−0,85","0,0005","san, year, team, game, season, giants, lakers, dodgers"
46,91,89,"0,12","0,22","0,0005","cpu, motherboard, card, gaming, build, monitor, gpu, atx"
64,62,62,"0,05","−0,31","0,0005","remember, house, happened, police, evidence, case, something, believe"
51,88,85,"0,08","−0,27","0,0005","phone, android, app, google, battery, nexus, apps, device"
9,31,31,"0,50","0,54","0,0004","bjj, belt, training, judo, guard, martial, sparring, gym"
68,48,48,"−0,52","−0,66","0,0004","cat, cats, kitty, kitten, vet, litter, food, kittens"
40,53,53,"−0,21","−0,38","0,0003","apple, iphone, ios, app, phone, jailbreak, tweak, ipad"
35,64,63,"−0,41","−0,53","0,0003","film, movie, movies, films, horror, imdb, movieguide, director"
85,36,35,"−0,11","−0,37","0,0003","fallout, skyrim, esp, game, armor, bethesda, quest, settlement"
83,50,49,"−0,28","0,37","0,0003","pokemon, added, ign, shiny, trade, deposited, female, add"
81,40,40,"0,16","−0,33","0,0003","school, patient, mcat, patients, medical, med, nursing, schools"
21,52,52,"0,06","0,20","0,0003","album, kanye, song, music, songs, drake, rap, hip"
1,139,136,"0,27","0,24","0,0003","lane, team, riot, play, game, adc, damage, champion"
48,98,97,"0,01","0,13","0,0002","code, python, java, function, data, programming, language, file"
37,87,87,"−0,08","−0,23","0,0002","batman, movie, superman, marvel, comics, flash, man, comic"
27,111,103,"0,18","−0,23","0,0002","furry, iateacrayon, bask, linker, rule, porn, compliments, complaints"
61,72,72,"−0,29","−0,40","0,0002","climbing, trail, hike, ski, hiking, tent, climb, camping"
32,33,33,"−0,72","−0,81","0,0002","trek, star, tng, federation, series, enterprise, episode, ship"
93,30,29,"−0,02","−0,26","0,0001","steelers, game, year, team, orioles, season, nats, redskins"
65,85,85,"−0,26","−0,36","0,0001","meditation, dream, zen, mind, lucid, life, practice, dreams"
16,38,38,"−0,19","0,23","0,0001","minecraft, server, blocks, block, jar, java, redstone, world"
50,80,80,"0,03","−0,12","0,0001","windows, linux, ubuntu, install, microsoft, surface, desktop, update"
94,282,276,"0,02","−0,03","−0,0000","team, year, game, season, teams, league, last, play"
62,57,56,"0,54","0,45","−0,0000","knife, knives, blade, van, light, steel, spyderco, bow"
66,91,90,"−0,05","−0,03","−0,0001","dog, dogs, puppy, breed, vet, leash, training, pup"
80,78,75,"0,45","0,36","−0,0001","players, league, team, season, club, player, goal, football"
39,45,45,"−0,23","−0,26","−0,0001","lens, camera, lenses, photography, photos, nikon, canon, photo"
0,30,29,"0,34","0,14","−0,0002","deck, card, jpg, cardname, cards, type, decks, mana"
74,69,69,"0,24","0,08","−0,0002","house, water, property, home, wall, wire, work, agent"
54,50,50,"−0,32","0,23","−0,0003","plant, plants, soil, leaves, grow, water, tree, garden"
12,281,280,"0,31","0,21","−0,0003","car, cars, engine, miles, drive, tires, driving, truck"
33,65,65,"−0,51","−0,52","−0,0004","book, books, read, writing, story, reading, series, fantasy"
59,73,73,"0,33","0,10","−0,0004","games, emunand, game, homebrew, snes, cfw, nes, install"
10,55,55,"−0,55","−0,53","−0,0004","bike, bikes, ride, riding, motorcycle, road, helmet, rider"
58,148,148,"−0,21","−0,20","−0,0004","vegan, meat, recipe, food, cheese, sauce, chicken, cook"
23,170,147,"−0,17","−0,16","−0,0005","weed, drugs, lsd, dose, drug, trip, mdma, take"
44,45,45,"0,63","0,43","−0,0005","wear, watch, pair, leather, fit, shoes, watches, jeans"
47,56,56,"−0,38","−0,30","−0,0005","flag, war, history, map, country, german, germany, british"
34,30,30,"−1,12","−1,07","−0,0006","nyc, manhattan, brooklyn, city, park, apartment, rent, subway"
2,72,68,"0,48","−0,35","−0,0006","bitcoin, btc, ethereum, eth, blockchain, wallet, fork, dao"
72,76,72,"−0,27","0,03","−0,0006","baby, husband, weeks, pregnant, pregnancy, kids, sleep, son"
22,660,657,"−0,28","−0,33","−0,0007","song, music, album, songs, guitar, band, sound, bass"
82,84,83,"−0,45","−0,42","−0,0007","pain, doctor, symptoms, treatment, doctors, blood, cancer, help"
30,39,36,"−0,52","−0,36","−0,0007","opie, show, spaceedge, howard, podcast, funny, episode, anthony"
69,51,50,"0,61","0,35","−0,0008","credit, money, pay, debt, tax, income, loan, account"
29,71,71,"−0,84","−0,83","−0,0008","character, spell, players, party, level, spells, campaign, roll"
78,40,35,"0,60","0,28","−0,0008","legion, raid, dps, guild, mythic, blizzard, wow, server"
75,191,187,"−0,36","−0,36","−0,0008","feel, life, relationship, friends, anxiety, day, talk, help"
38,32,32,"1,13","0,88","−0,0009","army, military, navy, recruiter, duty, school, job, unit"
11,40,40,"0,59","0,12","−0,0010","race, car, racing, cars, driver, drivers, nascar, hamilton"
57,92,90,"0,41","−0,02","−0,0012","weight, calories, eat, fat, lbs, gym, day, eating"
45,33,33,"−0,76","−0,41","−0,0015","seattle, mariners, seahawks, year, game, team, portland, season"
20,51,47,"0,71","0,24","−0,0018","size, supreme, shoes, pair, tee, hoodie, black, adidas"
24,67,62,"−0,54","0,15","−0,0019","unpaid, original, paypal, borrower, date, lender, paid, loans"
92,1150,1064,"0,31","0,01","−0,0071","game, hero, dota, bible, games, team, true, play"
60,52,51,"−1,49","−0,90","−0,0075","questions, flair, askscience, physics, question, science, contain, math"
