src,trg,score
nsfwhardcore,nsfwhardcore,1.0
NYTauto,NYTauto,0.9954494027084532
CampingandHiking,CampingandHiking,0.9862277379256525
OnOff,OnOff,0.9793156987614419
WeAreTheMusicMakers,WeAreTheMusicMakers,0.9774865832343378
thisismylifenow,thisismylifenow,0.9690729936460447
edmproduction,edmproduction,0.9670945378343051
engineering,engineering,0.9450732691607352
mixes,mixes,0.9408688395952431
coding,coding,0.9369065701937651
experimentalmusic,experimentalmusic,0.9361472303905671
marketing,marketing,0.9302846238619699
boston,boston,0.9275410733280952
linux,linux,0.9225498704583217
Meditation,Meditation,0.9201122608099005
startups,startups,0.9140014466657085
linguistics,linguistics,0.9129736136590124
Currentlytripping,Currentlytripping,0.9126440620255352
retrogaming,retrogaming,0.9124433948147838
electronicmusic,electronicmusic,0.9093500532584904
DecidingToBeBetter,DecidingToBeBetter,0.9087505133223229
ECE,ECE,0.9068355707578704
Guitar,Guitar,0.9058659044731611
TechnoProduction,TechnoProduction,0.9057569094294186
Brooklyn,Brooklyn,0.9041289548056053
TripSit,TripSit,0.9036436327125705
creampie,creampie,0.9035384079915065
Psychonaut,Psychonaut,0.9033923154498469
Python,Python,0.9031281318003977
NSFW411,NSFW411,0.9029216420566312
postprocessing,postprocessing,0.9027730612829874
ExposurePorn,ExposurePorn,0.9011524627795245
FoodPorn,FoodPorn,0.9002245921244453
buttplug,buttplug,0.8995153745270515
MilitaryGfys,MilitaryGfys,0.8985234780370591
House,House,0.8981819944152172
statistics,statistics,0.8971858616106166
spaceflight,spaceflight,0.896995596489976
LosAngeles,LosAngeles,0.8964993259909879
math,math,0.8938059872108676
Buddhism,Buddhism,0.8932102795407469
electronics,electronics,0.8929444053358424
shareyourmusic,shareyourmusic,0.8908244093088744
networking,networking,0.8903246712136639
futurebeats,futurebeats,0.8899946667714663
tripreports,tripreports,0.8898654736940328
linuxadmin,linuxadmin,0.8893153966863724
outercourse,outercourse,0.8892815662816564
ruger,ruger,0.8873302578122368
FL_Studio,FL_Studio,0.8863477796440125
git,git,0.8856106264106653
idm,idm,0.8843557392641795
noiserock,noiserock,0.8818068451935536
Filmmakers,Filmmakers,0.8816891625400755
pronebone,pronebone,0.8813653092171773
commandline,commandline,0.880843815866082
CentOS,CentOS,0.880539019340138
MusicBattlestations,MusicBattlestations,0.8801556492248724
Design,Design,0.8782763075193006
Orgasms,Orgasms,0.8778696211913222
Colorado,Colorado,0.8772318510392692
DnB,DnB,0.8763456237798702
trippy,trippy,0.8759469117865407
1911,1911,0.8749065293089778
javascript,javascript,0.8745733987185363
ToobAmps,ToobAmps,0.8737075079706388
doublepenetration,doublepenetration,0.8734763954286443
carporn,carporn,0.8722595740444714
AskProgramming,AskProgramming,0.8715579552651078
metalworking,metalworking,0.8714771946584474
Songwriters,Songwriters,0.8711082205795713
realdubstep,realdubstep,0.870826723721542
Bushcraft,Bushcraft,0.8704292235856126
datascience,datascience,0.8698993785669259
Hunting,Hunting,0.8698519587061583
TripCaves,TripCaves,0.8697601542769476
SaaS,SaaS,0.8697292700424699
ImaginaryTechnology,ImaginaryTechnology,0.869545678658107
dnbproduction,dnbproduction,0.8685952164849762
shoegaze,shoegaze,0.8682671059746268
sounddesign,sounddesign,0.8679634834362444
buttsthatgrip,buttsthatgrip,0.8678221953236859
handguns,handguns,0.867810161461431
amateurcumsluts,amateurcumsluts,0.8678061708425192
22lr,22lr,0.8672916728853709
Titties,Titties,0.8658647025107308
gamedev,gamedev,0.8657264001406005
reptiles,reptiles,0.8641401278614245
bayarea,bayarea,0.8632940998834188
Fishing,Fishing,0.8632498071636061
cpp,cpp,0.8627096263021559
selfhelp,selfhelp,0.8625103610442096
rimjob,rimjob,0.8621875428614001
robotics,robotics,0.8618574966311887
progmetal,progmetal,0.8613544141400978
Emailmarketing,Emailmarketing,0.8605442611797018
MusicCritique,MusicCritique,0.8603736696758214
bikesgonewild,bikesgonewild,0.8603476410805504
MotionDesign,MotionDesign,0.8601087078576519
indie_rock,indie_rock,0.8600810150942774
AskAcademia,AskAcademia,0.8598461197829805
drawing,drawing,0.8588638529014925
vmware,vmware,0.858087885590813
StonerEngineering,StonerEngineering,0.85790694371075
postpunk,postpunk,0.8577975763701976
AskComputerScience,AskComputerScience,0.8574698963763201
Gear4Sale,Gear4Sale,0.8573907168209545
bikebuilders,bikebuilders,0.8568589413624919
dreamcast,dreamcast,0.8568572517807573
Psychedelics,Psychedelics,0.8566783632481629
Luthier,Luthier,0.8566523331611594
writing,writing,0.8563469713029123
reloading,reloading,0.8563374441098269
listentothis,listentothis,0.8561771754560805
languagelearning,languagelearning,0.8558939974211979
guns,guns,0.855830225588804
n64,n64,0.8557790561925874
WeirdWheels,WeirdWheels,0.8556754206211156
AssholeBehindThong,AssholeBehindThong,0.8553642676196594
AskPhotography,AskPhotography,0.8549751845111326
HistoryPorn,HistoryPorn,0.8548303926748819
Hammocks,Hammocks,0.8542896947082006
Audiomemes,Audiomemes,0.8539857640099378
datasets,datasets,0.8537205405486881
offset,offset,0.8535070084477503
passionx,passionx,0.8534163496553164
1022,1022,0.8521145566291318
RateMyAudio,RateMyAudio,0.8518011306644321
pedalboards,pedalboards,0.851056084102211
protools,protools,0.8509695133707758
AFL,AFL,0.8509580392622589
algorithms,algorithms,0.850730476149158
BandCamp,BandCamp,0.8498421315054911
assinthong,assinthong,0.848601104024276
musicproduction,musicproduction,0.8475171120268945
github,github,0.8448048686727944
WarshipPorn,WarshipPorn,0.8442829338624863
Paranormal,Paranormal,0.8441400575444725
Revolvers,Revolvers,0.8440333299334626
computerscience,computerscience,0.8440213221403381
coolgithubprojects,coolgithubprojects,0.8436667130556051
Shotguns,Shotguns,0.8434568656169692
linux4noobs,linux4noobs,0.8431883922257547
tradclimbing,tradclimbing,0.8429354049681618
PantiesToTheSide,PantiesToTheSide,0.8427233394113297
NationalPark,NationalPark,0.8420433364669934
ImaginaryCharacters,ImaginaryCharacters,0.8409660019470114
doublevaginal,doublevaginal,0.8401877454580555
SEO,SEO,0.8400325618801334
Mountaineering,Mountaineering,0.839995948323292
Entrepreneurs,Entrepreneurs,0.8395792939124204
musictheory,musictheory,0.839519817334961
JMT,JMT,0.8393895573937828
food,food,0.8390863792929811
AbandonedPorn,AbandonedPorn,0.8387144289034205
jungle,jungle,0.8380446652463486
psx,psx,0.8375826818190053
veganrecipes,veganrecipes,0.8363794779492859
xfce,xfce,0.83635133698258
mixingmastering,mixingmastering,0.8361698252051012
Aquariums,Aquariums,0.8359032315125787
boardsofcanada,boardsofcanada,0.8358213126452247
web_design,web_design,0.8355598341977655
neuroscience,neuroscience,0.8353578344694075
AmateurPhotography,AmateurPhotography,0.8346040479900322
Heavymind,Heavymind,0.8345814093018414
holdmybeer,holdmybeer,0.8345493875642284
EntrepreneurRideAlong,EntrepreneurRideAlong,0.834529923497465
psychedelicrock,psychedelicrock,0.8345278068806573
bash,bash,0.8341514876570353
vancouver,vancouver,0.8340895331601592
squirting_gifs,squirting_gifs,0.834061869663836
japan,japan,0.8332403206990981
IWantToLearn,IWantToLearn,0.832285101932985
traktorpro,traktorpro,0.8320881049996244
Fedora,Fedora,0.8313110662177293
MLS,MLS,0.8311678247895621
Entrepreneurship,Entrepreneurship,0.8303547327123543
Metal,Metal,0.8302484512546747
homestead,homestead,0.8302313418188151
futuresynth,futuresynth,0.8300640870491584
Marijuana,Marijuana,0.8297392575345138
SmallYTChannel,SmallYTChannel,0.8296755650775448
comicbookart,comicbookart,0.8296421242023222
slowcooking,slowcooking,0.8294321703559762
vinyl,vinyl,0.8293519672468417
postrock,postrock,0.8292277149604119
jazzguitar,jazzguitar,0.8284750728456405
Turntablists,Turntablists,0.8284369138096763
PressureCooking,PressureCooking,0.8282569184014069
knives,knives,0.8282317006683154
PostHardcore,PostHardcore,0.8281816559032686
SkyPorn,SkyPorn,0.8281297194036157
AudioPost,AudioPost,0.8278916076932946
recipes,recipes,0.8277803287134469
Fingering,Fingering,0.8275509333984473
Awwducational,Awwducational,0.8274400171002029
see,see,0.8273458847630496
aerospace,aerospace,0.8262055395737536
space,space,0.826182942046276
ramen,ramen,0.825576412620025
emacs,emacs,0.8252629844847179
2cb,2cb,0.8248242981359865
punk,punk,0.8244250841720516
C_Programming,C_Programming,0.8240069410516788
reasoners,reasoners,0.823754369171625
bigdata,bigdata,0.8237307557227458
lofi,lofi,0.8234586201675658
ClassicRock,ClassicRock,0.82334033394873
meat,meat,0.82333760490562
Leftyguitarists,Leftyguitarists,0.8233100558869926
bluesguitarist,bluesguitarist,0.8230051522560687
ImaginaryMindscapes,ImaginaryMindscapes,0.822462718171612
Pizza,Pizza,0.8223099113856999
Waltham,Waltham,0.8219568750196303
genetics,genetics,0.8219365262613112
ecommerce,ecommerce,0.8218574354917664
Blacksmith,Blacksmith,0.8217131291849304
Learnmusic,Learnmusic,0.8213813867210656
futurebeatproducers,futurebeatproducers,0.8211194492102426
LeverGuns,LeverGuns,0.8209884852087014
GoneWildSmiles,GoneWildSmiles,0.8209628203739587
blues,blues,0.820933848918758
seriouseats,seriouseats,0.8206700791603019
Julia,Julia,0.8200327218754834
i3wm,i3wm,0.8199810691719803
Military,Military,0.8195331037718239
CulinaryPlating,CulinaryPlating,0.8195043253779737
AdobeIllustrator,AdobeIllustrator,0.8193720725124001
learnprogramming,learnprogramming,0.8193340230795864
AlbumArtPorn,AlbumArtPorn,0.8193094642598763
askphilosophy,askphilosophy,0.819175293869261
Gamecube,Gamecube,0.8191644203764401
CNC,CNC,0.8190280006988868
musicians,musicians,0.8189928708851206
MLQuestions,MLQuestions,0.818831886506113
vim,vim,0.8187133010499796
BorednIgnored,BorednIgnored,0.8184399133970562
badcode,badcode,0.8183332400073587
btrfs,btrfs,0.8181229463008404
orgasmiccontractions,orgasmiccontractions,0.8179277867327344
SmithAndWesson,SmithAndWesson,0.8176366685738656
dreampop,dreampop,0.8175392725972708
coversongs,coversongs,0.8170045023867634
vintageobscura,vintageobscura,0.816895923048846
Austin,Austin,0.8168866508813005
COsnow,COsnow,0.816683704524791
ProgrammingLanguages,ProgrammingLanguages,0.8166315315519201
NeedVocals,NeedVocals,0.8165749999366558
LeadGeneration,LeadGeneration,0.8165272232391726
DrugArt,DrugArt,0.8164456337782863
GaybrosGoneWild,GaybrosGoneWild,0.8156544127332335
FaceFuck,FaceFuck,0.8155131876444673
Rlanguage,Rlanguage,0.8152376475192192
Database,Database,0.8151469448014099
Cplusplus,Cplusplus,0.8150706391467019
CZFirearms,CZFirearms,0.8146585030947406
askscience,askscience,0.8146555044275239
LinuxCirclejerk,LinuxCirclejerk,0.8146220957094477
depression,depression,0.8146029413511281
pornvids,pornvids,0.8145619207001239
MachinePorn,MachinePorn,0.8143964403502986
rfelectronics,rfelectronics,0.8143528034647971
meraki,meraki,0.8142723808634366
Vaporwave,Vaporwave,0.813879099358257
circlejerknyc,circlejerknyc,0.8136500841977453
zenbuddhism,zenbuddhism,0.813614416500645
Dualsport,Dualsport,0.8135800152207697
AppalachianTrail,AppalachianTrail,0.813491011259585
adventures,adventures,0.8134346236626958
AskHistorians,AskHistorians,0.8131794420942203
porterrobinson,porterrobinson,0.813103602811784
eldertrees,eldertrees,0.8127998323504614
HyperV,HyperV,0.8127185491332156
Cyberpunk_Music,Cyberpunk_Music,0.8120920397313168
Hardcore,Hardcore,0.8115809709694397
assholegonewild,assholegonewild,0.8113550342245361
zen,zen,0.8113043650432876
JapaneseFood,JapaneseFood,0.8111882032992781
Logo_Critique,Logo_Critique,0.8106576143104696
Glitch_in_the_Matrix,Glitch_in_the_Matrix,0.8106203060840652
telecaster,telecaster,0.8104907885804494
sixthworldmusic,sixthworldmusic,0.8102197267178284
AnimalPorn,AnimalPorn,0.8099205961549392
EmoScreamo,EmoScreamo,0.809779833783523
bicycling,bicycling,0.8095586023636783
Stratocaster,Stratocaster,0.8090632099349819
1P_LSD,1P_LSD,0.8090541321944003
Anthropology,Anthropology,0.8090351840429374
Damnthatsinteresting,Damnthatsinteresting,0.8087437771693514
socalhiking,socalhiking,0.8087264226182213
HighQualityGifs,HighQualityGifs,0.8086674179549438
ammo,ammo,0.8085340307317489
comicbooks,comicbooks,0.80823663764404
Roughanal,Roughanal,0.8080061825373901
trap,trap,0.807878302544035
woodworking,woodworking,0.8078712451016145
ReverseEngineering,ReverseEngineering,0.8077873823574692
guitarplaying,guitarplaying,0.80771803312642
CriticalTheory,CriticalTheory,0.8071178574239954
beer,beer,0.8066183626149961
ManjaroLinux,ManjaroLinux,0.8065038590581525
JudgeMyAccent,JudgeMyAccent,0.8064492629789235
confidence,confidence,0.8064087511912874
MedievalHistory,MedievalHistory,0.8063148032520121
activedirectory,activedirectory,0.8060958433321254
PostgreSQL,PostgreSQL,0.8060615178605122
osdev,osdev,0.8058542678876267
canoecamping,canoecamping,0.8057604184494335
InteriorDesign,InteriorDesign,0.8053107839343171
perfectloops,perfectloops,0.8052732596707756
SlyGifs,SlyGifs,0.805264950466236
ChineseLanguage,ChineseLanguage,0.8052473255515536
sonicyouth,sonicyouth,0.8050838798998653
Atlanta,Atlanta,0.8050159728768396
MusicVideos,MusicVideos,0.8049494830855486
Psychedelic,Psychedelic,0.8048065649024189
cumonclothes,cumonclothes,0.8046265407109421
porcupinetree,porcupinetree,0.8042444476077542
etymology,etymology,0.8042426271317952
matlab,matlab,0.8041998404998488
squirting,squirting,0.8041686702056202
FPGA,FPGA,0.8040450404989434
chicago,chicago,0.8039355261999831
Psybient,Psybient,0.8036888011318173
ruby,ruby,0.8036855559582499
occult,occult,0.8036683346642381
Chakras,Chakras,0.8033478536867952
GameAudio,GameAudio,0.8031325895052742
troutfishing,troutfishing,0.8030335603583038
GraphicsProgramming,GraphicsProgramming,0.8030214732186892
embedded,embedded,0.8030192162679131
MathHelp,MathHelp,0.8029177690319415
Mini14,Mini14,0.8028972598402893
cfnm,cfnm,0.8028092134609964
Bitwig,Bitwig,0.8027092531208141
Dildo_Gifs,Dildo_Gifs,0.8025827618418917
livesound,livesound,0.8022735595714476
Astronomy,Astronomy,0.8021904067580388
trance,trance,0.8018895536180983
drugmemes,drugmemes,0.8017033746055626
raspberry_pi,raspberry_pi,0.801628118835559
StonerPhilosophy,StonerPhilosophy,0.8015473760145653
PHP,PHP,0.8014941776229888
LetsTalkMusic,LetsTalkMusic,0.8014524679493267
ControlTheory,ControlTheory,0.8014425357218848
Shittygamecollecting,Shittygamecollecting,0.8012774208564718
Photography_Gear,Photography_Gear,0.8011643816482883
progrockmusic,progrockmusic,0.8011520269391386
NotMyJob,NotMyJob,0.8010616270621063
eFreebies,eFreebies,0.8010051679850452
modular,modular,0.8008573232520697
ImaginaryCityscapes,ImaginaryCityscapes,0.8008107273509593
Bloggers,Bloggers,0.8005918817665381
ArtPorn,ArtPorn,0.8005598786876922
NYCjobs,NYCjobs,0.8004847528287798
aphextwin,aphextwin,0.8003995524393176
vegetarian,vegetarian,0.8001215599807538
GetMotivated,GetMotivated,0.7998525747331661
Disco,Disco,0.799838019784256
venturecapital,venturecapital,0.7997138134586633
lifehacks,lifehacks,0.79952591605736
CompetitionShooting,CompetitionShooting,0.7994921940526362
scifi,scifi,0.7988216863862834
Ford,Ford,0.7987666179525176
wii,wii,0.7987302187726644
conlangs,conlangs,0.7986612621708611
BackpackingDogs,BackpackingDogs,0.7985812812442684
M1Rifles,M1Rifles,0.7981913345395658
10mm,10mm,0.7981313716025045
windows,windows,0.7981095447292885
DataHoarder,DataHoarder,0.7980322165040579
astoria,astoria,0.7979231761501636
psytrance,psytrance,0.7979019009626802
houston,houston,0.7976706128515587
yoga,yoga,0.7974953396776718
PaulReedSmith,PaulReedSmith,0.7972308636655758
taoism,taoism,0.7971810670896682
dataisbeautiful,dataisbeautiful,0.7971541823196803
Rekordbox,Rekordbox,0.7970469796432063
language_exchange,language_exchange,0.7968316933226116
wwiipics,wwiipics,0.7967659837327101
torpedotits,torpedotits,0.796726336493917
cogsci,cogsci,0.7966977107169384
chipdesign,chipdesign,0.7966325420556655
GunPorn,GunPorn,0.7965526034192701
Gentoo,Gentoo,0.7963878410991453
cumshots,cumshots,0.7960273251345801
triphop,triphop,0.7960091193069714
SexyTummies,SexyTummies,0.7957279825145938
LinuxActionShow,LinuxActionShow,0.7956238154908539
cosmology,cosmology,0.7950916666713763
maschine,maschine,0.7950697864429384
Elektron,Elektron,0.7948596804510797
florida,florida,0.7943890946853543
Breadit,Breadit,0.7943653585072046
Charcuterie,Charcuterie,0.794129860501648
folk,folk,0.7937256897595486
StudioOne,StudioOne,0.7935753773722053
DSP,DSP,0.7933036924903253
Backcountry,Backcountry,0.7932529191335579
mildlyinteresting,mildlyinteresting,0.7932043056503201
MapPorn,MapPorn,0.7931778504986589
whatisthisthing,whatisthisthing,0.7930940226015825
100yearsago,100yearsago,0.7930061378052987
LofiHipHop,LofiHipHop,0.7929396649107857
beatmakers,beatmakers,0.7928884444736932
vintagemotorcycles,vintagemotorcycles,0.7928372856115042
VEDC,VEDC,0.7922618208825283
Art,Art,0.7922155812009165
UpliftingNews,UpliftingNews,0.7921977529899795
justiceleague,justiceleague,0.7921900339725234
storage,storage,0.7918970887414365
California,California,0.7918796406882335
foraging,foraging,0.7917753460319548
crtgaming,crtgaming,0.7917102080702901
PowerShell,PowerShell,0.7916837910787121
ImaginaryHorrors,ImaginaryHorrors,0.7914973287564036
Alternativerock,Alternativerock,0.791459426881734
cubase,cubase,0.7913603818640923
fea,fea,0.7911505844688385
Axecraft,Axecraft,0.7911336245631314
DrugNerds,DrugNerds,0.7909975548006463
taijiquan,taijiquan,0.790953329709659
ArtefactPorn,ArtefactPorn,0.790411738025953
CFD,CFD,0.7902264998719135
illusionporn,illusionporn,0.7901616991272512
OralCreampie,OralCreampie,0.7899721053968025
canon,canon,0.7898781635847305
LogicPro,LogicPro,0.7891651125794947
WindowsServer,WindowsServer,0.788914826168839
DistroHopping,DistroHopping,0.7885301586746244
bowhunting,bowhunting,0.7884216603959057
consolerepair,consolerepair,0.7882622939919415
Yosemite,Yosemite,0.7880819827951738
piano,piano,0.7879675678182606
advertising,advertising,0.7879584081518258
MilitaryHistory,MilitaryHistory,0.7877072936645474
sonicwall,sonicwall,0.7873381306540165
cprogramming,cprogramming,0.7873141387520678
history,history,0.787261696900646
cars,cars,0.787134186623033
TankPorn,TankPorn,0.7869381016601176
Dreams,Dreams,0.7868934204558198
selfpublish,selfpublish,0.7868327530499266
ShortFilm,ShortFilm,0.7867352660190754
selflove,selflove,0.786728230745116
bassnectar,bassnectar,0.7866708912425275
ImaginaryWitches,ImaginaryWitches,0.7866340354303091
pelfie,pelfie,0.7866174566498462
SpaceBass,SpaceBass,0.7865475331151872
burstingout,burstingout,0.7864670855814646
language,language,0.786466741994617
analgonewild,analgonewild,0.7863248104551469
ketorecipes,ketorecipes,0.7862641273284031
BDSMGW,BDSMGW,0.7862626018699094
gifs,gifs,0.7862460963312289
musicmarketing,musicmarketing,0.7860502357378413
M1A,M1A,0.7858615049570481
texas,texas,0.7856869599506041
Marvel,Marvel,0.7855487871041513
openSUSE,openSUSE,0.7853459636895235
knifemaking,knifemaking,0.7852198280033901
freelance,freelance,0.7850712170800968
NorthCarolina,NorthCarolina,0.7849428602087903
FoodNYC,FoodNYC,0.7848143017217429
guitarrepair,guitarrepair,0.7846245982551813
LandscapeAstro,LandscapeAstro,0.7846106383345558
LanguageTechnology,LanguageTechnology,0.7845613368304141
battlewagon,battlewagon,0.7844483618656254
grilling,grilling,0.7844108255887031
AskPhysics,AskPhysics,0.7842888468618362
TransSpace,TransSpace,0.7842579160866767
EditMyRaw,EditMyRaw,0.7842340449147746
Bondage,Bondage,0.7841508331025232
HumanPorn,HumanPorn,0.7841291139637613
Cameras,Cameras,0.7840225830984041
wine_gaming,wine_gaming,0.7838846922728643
LifeProTips,LifeProTips,0.7838759851006887
EDC,EDC,0.7838463327038503
ansible,ansible,0.7838228521595976
AuroraCO,AuroraCO,0.7837295301906971
wwi,wwi,0.7835933635642987
spiritual,spiritual,0.7835564594696638
Kayaking,Kayaking,0.7835379421218884
TechnicalDeathMetal,TechnicalDeathMetal,0.7835327580725815
abv,abv,0.7833849965353803
vipassana,vipassana,0.7832571469413772
bandmembers,bandmembers,0.7828596693448948
canoeing,canoeing,0.7827335119838555
getting_over_it,getting_over_it,0.7827197161545402
supermoto,supermoto,0.7827086336815909
classicalmusic,classicalmusic,0.7826577131715624
elixir,elixir,0.7826382732225428
PhilosophyofScience,PhilosophyofScience,0.7825856972654172
creampiegangbangs,creampiegangbangs,0.7825307241357298
socialskills,socialskills,0.7824274167001979
PandR,PandR,0.7820216078653727
GirlsRimGuys,GirlsRimGuys,0.7817944265545571
funk,funk,0.7816891310237121
burbank,burbank,0.781533070633226
openbsd,openbsd,0.7814767772092326
vintagejapaneseautos,vintagejapaneseautos,0.7813952526294129
RoomPorn,RoomPorn,0.781243798087275
ToolBand,ToolBand,0.7811129345367341
shootingcars,shootingcars,0.7810966181449588
Screenwriting,Screenwriting,0.7810426320747385
LesPaul,LesPaul,0.7810362159147428
econometrics,econometrics,0.781022065911679
LandscapePhotography,LandscapePhotography,0.7807669600258841
dubstep,dubstep,0.780735739065347
lisp,lisp,0.7805667142813174
simpleliving,simpleliving,0.78036689668527
voidlinux,voidlinux,0.7801855965799339
streetart,streetart,0.7799018038836495
medfordma,medfordma,0.7797067894698739
Futurology,Futurology,0.7787575399967738
rpg,rpg,0.7785635484152716
chrome,chrome,0.7783988899505514
StallmanWasRight,StallmanWasRight,0.7783217743121219
modhelp,modhelp,0.7783038845026848
deeplearning,deeplearning,0.777779409495517
classicalguitar,classicalguitar,0.7777473923574928
techsupportmacgyver,techsupportmacgyver,0.7776197745464314
Chevy,Chevy,0.7775995390249749
r4r,r4r,0.7774590950583902
RemyLaCroix,RemyLaCroix,0.7774362476154228
java,java,0.7772404240513434
gif,gif,0.7771367056896702
MostBeautiful,MostBeautiful,0.7770887377323207
bicycletouring,bicycletouring,0.7766837397862136
CFB,CFB,0.7766225875516687
michiganbeer,michiganbeer,0.7766211815733775
pasadena,pasadena,0.7766146940433888
ApplyingToCollege,ApplyingToCollege,0.7766035915951912
Opeth,Opeth,0.7765928230549966
ArtCrit,ArtCrit,0.7765675680482867
MakeupAddiction,MakeupAddiction,0.7765430118830312
ExpectationVsReality,ExpectationVsReality,0.7764063496837972
Scotch,Scotch,0.7763836701922553
EverythingScience,EverythingScience,0.7763019608345598
Fixxit,Fixxit,0.7763005716823407
GetOutOfBed,GetOutOfBed,0.7762824731293633
CannabisExtracts,CannabisExtracts,0.7761275083797781
aves,aves,0.7760937371279695
freesoftware,freesoftware,0.7759808716638781
maryland,maryland,0.7758463018708853
norcalhiking,norcalhiking,0.7758099748012349
nycrail,nycrail,0.7755028745954987
linguisticshumor,linguisticshumor,0.7751261386404266
NonZeroDay,NonZeroDay,0.7749889523377264
gifsthatkeepongiving,gifsthatkeepongiving,0.7749350390298483
seethru,seethru,0.7747291574117163
AcousticGuitar,AcousticGuitar,0.7745448752804363
glitch_art,glitch_art,0.7742658649850278
Deathcore,Deathcore,0.7742320768642167
eurorack,eurorack,0.7741226638732621
energy_work,energy_work,0.7741194311489411
Salvia,Salvia,0.7740071101854729
vandwellers,vandwellers,0.7737456234856109
pythontips,pythontips,0.7736910307072291
HTML,HTML,0.7736227865332234
14ers,14ers,0.7733511461502378
WritersGroup,WritersGroup,0.7733494966831072
BusinessIntelligence,BusinessIntelligence,0.7733407808979305
autechre,autechre,0.7731121865959116
sandiego,sandiego,0.7730951021090706
Mars,Mars,0.7730480968814456
community,community,0.7730316987877542
retrobattlestations,retrobattlestations,0.7730181589794294
psychadelics,psychadelics,0.7729861819461322
synthwaveproducers,synthwaveproducers,0.7727879792786069
VFIO,VFIO,0.7727345897634089
tensorflow,tensorflow,0.7724272310413478
sludge,sludge,0.7724197468093567
ArduinoProjects,ArduinoProjects,0.772345657304861
dogpictures,dogpictures,0.7722936944206074
hockey,hockey,0.7722326321532866
saltwaterfishing,saltwaterfishing,0.7721306842320229
evilbuildings,evilbuildings,0.7719970964271721
opengl,opengl,0.7719912300544262
everymanshouldknow,everymanshouldknow,0.7719600609813613
Thailand,Thailand,0.7718745854967113
French,French,0.7717483915192844
youtubers,youtubers,0.7716092308625002
DenverCirclejerk,DenverCirclejerk,0.7716034932338945
newreddits,newreddits,0.7715856514873882
postdoc,postdoc,0.7715600739446744
mathrock,mathrock,0.7715084195369051
originalxbox,originalxbox,0.771188680051886
perl,perl,0.7707398530846669
ancienthistory,ancienthistory,0.7705864586967639
vintageaudio,vintageaudio,0.7704974096458279
SWORDS,SWORDS,0.7702849762255818
machining,machining,0.770089293495069
rocketry,rocketry,0.769991314812919
forcedorgasms,forcedorgasms,0.7699682027268221
cumontongue,cumontongue,0.7699378400845843
Perfectfit,Perfectfit,0.7697421693927271
60sMusic,60sMusic,0.7696993997429231
MealPrepSunday,MealPrepSunday,0.7696908091194917
flying,flying,0.7696559324355084
AnimalsBeingGeniuses,AnimalsBeingGeniuses,0.7695998742455837
notebooks,notebooks,0.7693103447601237
pens,pens,0.7692605042833103
PlantBasedDiet,PlantBasedDiet,0.7691911604286917
Focusrite,Focusrite,0.7691538901910071
fountainpens,fountainpens,0.7691143444113051
deadpool,deadpool,0.7690760726458267
Simulated,Simulated,0.7689760955279027
stonerrock,stonerrock,0.7689757507107067
Office365,Office365,0.7688116242313524
conceptart,conceptart,0.7687998264115478
itsaunixsystem,itsaunixsystem,0.7687906690386322
ComputerEngineering,ComputerEngineering,0.768630739871952
Lettering,Lettering,0.7684738236744568
denverfood,denverfood,0.7684301183588159
Affiliatemarketing,Affiliatemarketing,0.7683293074665154
userexperience,userexperience,0.7683201697932877
orangecounty,orangecounty,0.7682980363214611
britishcolumbia,britishcolumbia,0.7681976136066975
DevinTownsend,DevinTownsend,0.7681490631848845
sushi,sushi,0.7681486056867389
fortinet,fortinet,0.7678621553799785
Wordpress,Wordpress,0.767733535694135
gunsmithing,gunsmithing,0.7676781102878961
vscode,vscode,0.7676435097864805
sportsarefun,sportsarefun,0.7676027131513039
DaniDaniels,DaniDaniels,0.7674947231025263
depression_help,depression_help,0.767462823803077
OldSchoolCoolMusic,OldSchoolCoolMusic,0.767372250447904
BDSMerotica,BDSMerotica,0.7672669782178267
cad,cad,0.7671806304344192
Trucks,Trucks,0.7670943603240228
newmusic,newmusic,0.7670317995840757
navy,navy,0.766933267446251
Drugs,Drugs,0.7669025786074272
exchangeserver,exchangeserver,0.7668793353073656
latin,latin,0.7667567642885512
maker,maker,0.7667330298677141
roadtrip,roadtrip,0.7663497968521678
linuxhardware,linuxhardware,0.7662460328563273
RStudio,RStudio,0.7660908385741542
handjobs,handjobs,0.766080113993392
Ferrari,Ferrari,0.765840722965607
Lightbulb,Lightbulb,0.7658019512226321
spirituality,spirituality,0.765751356040417
synthdiy,synthdiy,0.7657144631010712
Facials,Facials,0.7656093972207805
RISCV,RISCV,0.7655416334260553
Beretta,Beretta,0.7655253698809573
Decor,Decor,0.7655019717106758
kundalini,kundalini,0.7653699779724197
chiptunes,chiptunes,0.7653650568157223
flyfishing,flyfishing,0.7653344516391971
Calligraphy,Calligraphy,0.7652813450527196
gonewild,gonewild,0.7652758634194367
ClayBusters,ClayBusters,0.7652116776958469
ElsaJean,ElsaJean,0.7651824423022435
CRM,CRM,0.765112457804612
copywriting,copywriting,0.7648748995933146
bikeboston,bikeboston,0.7647250489440344
bioinformatics,bioinformatics,0.7646040240601023
premiere,premiere,0.7642843584322452
streetphotography,streetphotography,0.7642596960555451
COents,COents,0.7641652771409626
ArubaNetworks,ArubaNetworks,0.7638147515930025
mentalhealth,mentalhealth,0.7638099752870318
steak,steak,0.7638030445820825
deerhunting,deerhunting,0.7636966784177288
SouthBayLA,SouthBayLA,0.763678884246701
ropebondage,ropebondage,0.763583289427316
freebsd,freebsd,0.763395533114392
Prematurecelebration,Prematurecelebration,0.7632445684132804
NativeInstruments,NativeInstruments,0.7631967518196994
elasticsearch,elasticsearch,0.7631271831650616
iiiiiiitttttttttttt,iiiiiiitttttttttttt,0.7629885474754549
ImaginaryDragons,ImaginaryDragons,0.7629882234343627
MoundofVenus,MoundofVenus,0.7628892822442367
industrialmusic,industrialmusic,0.762803890813338
Dallas,Dallas,0.7625612188517034
aws,aws,0.7624772204876836
GameDealsMeta,GameDealsMeta,0.7621960315416211
osx,osx,0.7621147178530211
photographs,photographs,0.7620826795360676
ITManagers,ITManagers,0.7620670618967773
dotnet,dotnet,0.7619120025055823
Dreamtheater,Dreamtheater,0.7618195108044591
MotoLA,MotoLA,0.7618186900344806
SomebodyMakeThis,SomebodyMakeThis,0.761595443656146
talesfromtechsupport,talesfromtechsupport,0.7615937739896782
SheFucksHim,SheFucksHim,0.7614255550117435
CrazyIdeas,CrazyIdeas,0.7611495701110351
medicine,medicine,0.7610944210610778
Workbenches,Workbenches,0.7609677648855951
FinalFantasy,FinalFantasy,0.7609115668471707
matheducation,matheducation,0.760696297458088
DCcomics,DCcomics,0.760672921561667
asianeats,asianeats,0.7606383248925571
printSF,printSF,0.7606034886688723
Acid,Acid,0.7603285600447178
beatles,beatles,0.7602379359833681
Jazz,Jazz,0.7599873546530383
MDMA,MDMA,0.759892705261647
sad,sad,0.7598557087031976
Hair,Hair,0.7597739105674529
psychology,psychology,0.7595437276778687
EnglishLearning,EnglishLearning,0.7595001395858221
tits,tits,0.7594874493455267
GirlsWithToys,GirlsWithToys,0.7593622445128112
roguelikes,roguelikes,0.7593504871028026
socialanxiety,socialanxiety,0.7592802472472738
InfrastructurePorn,InfrastructurePorn,0.7592696353067435
Freethought,Freethought,0.7591450987866457
dgu,dgu,0.7589803735004149
davidlynch,davidlynch,0.7589394966827159
fuckingmachines,fuckingmachines,0.7588778071222708
WorcesterMA,WorcesterMA,0.758812036370141
pics,pics,0.7587708284061598
paloaltonetworks,paloaltonetworks,0.7586579574483876
Kubuntu,Kubuntu,0.7585239759629837
Shamanism,Shamanism,0.758520200781953
LoopArtists,LoopArtists,0.758396789951067
torrents,torrents,0.7583482740240088
NeutralPolitics,NeutralPolitics,0.7581770211488502
RTLSDR,RTLSDR,0.7580724417875628
baseball,baseball,0.7579101694749779
fossilid,fossilid,0.7575724583750011
Clojure,Clojure,0.7574973809250075
tabletop,tabletop,0.7574563263504915
scifiwriting,scifiwriting,0.7574500988449253
toronto,toronto,0.7573333651702829
legs,legs,0.7573304285242778
UnityAssets,UnityAssets,0.757218291622657
nin,nin,0.7571789295053277
glendale,glendale,0.7570945437579034
Needafriend,Needafriend,0.7570605973167902
Foofighters,Foofighters,0.7569863577243787
game_gear,game_gear,0.756963763415845
calculus,calculus,0.7569456454395412
milsurp,milsurp,0.7567151939385167
classiccars,classiccars,0.7565951333362446
winterporn,winterporn,0.7565731655634551
CityPorn,CityPorn,0.756516080007969
hulaween,hulaween,0.7564239821477382
WWIIplanes,WWIIplanes,0.7563856073825157
AcademicPsychology,AcademicPsychology,0.7563196665377294
c64,c64,0.7560105719002995
ancientrome,ancientrome,0.7557321464785025
ketamine,ketamine,0.7556039091901646
GirlsOnTop,GirlsOnTop,0.7555099720029768
ArtBuddy,ArtBuddy,0.7554798262865724
grilledcheese,grilledcheese,0.7553908334184825
happyhardcore,happyhardcore,0.7553426030824643
awakened,awakened,0.7552193947717614
skrillex,skrillex,0.7550733772774362
burial,burial,0.7549008215207079
FilmIndustryLA,FilmIndustryLA,0.7548331819644344
valiant,valiant,0.7547419547024881
HealthyFood,HealthyFood,0.7546966627634917
Chinavisa,Chinavisa,0.754589758989716
audio,audio,0.7545242755602619
Multicopter,Multicopter,0.7543818910418519
Treknobabble,Treknobabble,0.7541861099985102
Epiphone,Epiphone,0.7539524564906938
80smusic,80smusic,0.7538778370006808
tfc,tfc,0.7538184873668362
mysql,mysql,0.7538100262097279
Ayahuasca,Ayahuasca,0.7537393536581609
LaTeX,LaTeX,0.7537139707662124
TinyHouses,TinyHouses,0.7536903890040146
todayilearned,todayilearned,0.7536240563113955
weightroom,weightroom,0.7534138160162928
3Dmodeling,3Dmodeling,0.753312244794549
quantum,quantum,0.753158363963822
LenaPaul,LenaPaul,0.7529688838082552
hacking,hacking,0.7528828717610189
mandolin,mandolin,0.752859652975165
chicagobeer,chicagobeer,0.7526702983405124
armoredwomen,armoredwomen,0.7526322008976368
labrador,labrador,0.7524967387439975
djangolearning,djangolearning,0.75244058820802
pinkfloyd,pinkfloyd,0.7524123641754293
InsightfulQuestions,InsightfulQuestions,0.7523036738815427
PNWhiking,PNWhiking,0.752275410614945
SexInFrontOfOthers,SexInFrontOfOthers,0.7522277134476365
motivation,motivation,0.7522151328816679
melodicdeathmetal,melodicdeathmetal,0.7521716492189736
reggae,reggae,0.7520989539644398
diytubes,diytubes,0.7520748698484101
cock,cock,0.7519266178434
golang,golang,0.7518537417069677
Scrubs,Scrubs,0.7518115702439436
oregon,oregon,0.7517252717905202
nycmeetups,nycmeetups,0.7517233208761747
keriberry_420,keriberry_420,0.7515383046499359
indesign,indesign,0.7515243580504268
Fitness,Fitness,0.7515200559334534
homedesign,homedesign,0.751145428635465
ArtProgressPics,ArtProgressPics,0.7510484194739365
needamod,needamod,0.7510416343059443
deadmau5,deadmau5,0.7510123343392525
makinghiphop,makinghiphop,0.7509031418757796
bonnaroo,bonnaroo,0.7507526629333167
SpaceXLounge,SpaceXLounge,0.7506552753859437
spreading,spreading,0.7504220920127935
Biochemistry,Biochemistry,0.7503703683610168
3CX,3CX,0.7503256201557961
ROS,ROS,0.7502733911260189
leangains,leangains,0.7502523539929518
CumSwallowing,CumSwallowing,0.7502441895670675
Makeup,Makeup,0.7501378189275938
Antiques,Antiques,0.7500987278825344
LaLiga,LaLiga,0.7497975684954313
WhatsInThisThing,WhatsInThisThing,0.7497186545921914
Triumph,Triumph,0.7496475980779639
Greenpoint,Greenpoint,0.7496376491066219
Ska,Ska,0.7496207094094177
graphicnovels,graphicnovels,0.7495751457126948
marvelcomics,marvelcomics,0.7495180434383841
brandnew,brandnew,0.7494187693839485
Drifting,Drifting,0.7492211554316528
VeganBaking,VeganBaking,0.7490609242996469
AskSF,AskSF,0.7490210635672753
NotTimAndEric,NotTimAndEric,0.7489537271866252
AskEconomics,AskEconomics,0.7489365266375121
PenmanshipPorn,PenmanshipPorn,0.7489320212262428
cryptography,cryptography,0.7489297958206443
ArtHistory,ArtHistory,0.7489114574867325
cocktails,cocktails,0.7487908353469579
vjing,vjing,0.7487056564690702
ExtendedRangeGuitars,ExtendedRangeGuitars,0.7486516437364947
aquaponics,aquaponics,0.7485528783134083
AdrianaChechik,AdrianaChechik,0.748451808487926
Synths4Sale,Synths4Sale,0.7483974961792755
DestructiveReaders,DestructiveReaders,0.7483946992946142
POVPornVids,POVPornVids,0.748342992846253
computergraphics,computergraphics,0.7481944867238925
pasta,pasta,0.748166153809093
tacos,tacos,0.7479878849397332
Tipper,Tipper,0.747943972637817
MechanicAdvice,MechanicAdvice,0.7478830169845601
circasurvive,circasurvive,0.7477729088101115
suckless,suckless,0.7475811668878672
Saxophonics,Saxophonics,0.7475711239428843
PhysicsStudents,PhysicsStudents,0.7475415916619975
choppers,choppers,0.7475209794512199
ReagentTesting,ReagentTesting,0.7474671341819259
Houdini,Houdini,0.7473327395196774
geek,geek,0.7471798553622541
softwaredevelopment,softwaredevelopment,0.7471438089663721
ledzeppelin,ledzeppelin,0.746902731414251
TameImpala,TameImpala,0.7468971007622057
Nissan,Nissan,0.7468752440767923
ObscureMedia,ObscureMedia,0.7468715621135597
msp,msp,0.7468674238583706
UnusualArt,UnusualArt,0.746833005598325
ipadmusic,ipadmusic,0.7467621166035702
JRPG,JRPG,0.7467600059189634
photoshop,photoshop,0.7467526261867024
DaftPunk,DaftPunk,0.7465941437254946
JazzPiano,JazzPiano,0.746423339305548
metalmusicians,metalmusicians,0.7463274256166089
manufacturing,manufacturing,0.7461799278931046
cableporn,cableporn,0.7461622208949099
longislandcity,longislandcity,0.746134843592114
TrueReddit,TrueReddit,0.7460318331409591
Justrolledintotheshop,Justrolledintotheshop,0.7459552993490949
PoliticalPhilosophy,PoliticalPhilosophy,0.7458497491501507
highdeas,highdeas,0.7456541730896703
IndieFolk,IndieFolk,0.7456464093731271
MicroFishing,MicroFishing,0.7455080661043088
festivals,festivals,0.745498477937809
Mauser,Mauser,0.7452615306038047
MasturbationGoneWild,MasturbationGoneWild,0.7452379487731648
NYCbike,NYCbike,0.745224829327714
diyaudio,diyaudio,0.74511928136118
beermoney,beermoney,0.74505199866389
drunkencookery,drunkencookery,0.7450034723780978
SoundSystem,SoundSystem,0.7449779311169618
HugeDildos,HugeDildos,0.7448533885496645
FREE,FREE,0.744822660342845
arizona,arizona,0.7447042375719971
musicindustry,musicindustry,0.7446601961087076
TheBeatles,TheBeatles,0.7446432571665096
webhosting,webhosting,0.7445535670706634
PHPhelp,PHPhelp,0.74424619314754
learnjava,learnjava,0.7442208937055301
mercedes_benz,mercedes_benz,0.7441645378735572
InlandEmpire,InlandEmpire,0.7440716220128084
ww2,ww2,0.7439864334107258
gay,gay,0.7439388884000075
PremierLeague,PremierLeague,0.743865220234253
Citrix,Citrix,0.74385899718721
help,help,0.74378320623616
racing,racing,0.7436572116633389
football,football,0.7435231196856188
redneckengineering,redneckengineering,0.7433381195247173
Velo,Velo,0.7432684807593783
WeddingPhotography,WeddingPhotography,0.7432573340656042
WarCollege,WarCollege,0.7432270244610771
thereifixedit,thereifixedit,0.7432084781170171
EckhartTolle,EckhartTolle,0.743120187175382
Beekeeping,Beekeeping,0.7431134358845062
downloadcodes,downloadcodes,0.7430899673922627
GetEmployed,GetEmployed,0.743041517530435
overlanding,overlanding,0.7430273777045592
htpc,htpc,0.7429782888992655
Homebrewing,Homebrewing,0.7428928569096709
venturacounty,venturacounty,0.7427313215664963
metalguitar,metalguitar,0.7426819228663072
introvert,introvert,0.742353102378132
Trombone,Trombone,0.7422744508729404
usenet,usenet,0.7421313528466803
creepyencounters,creepyencounters,0.7421257907604559
gardening,gardening,0.7420971117970331
linuxaudio,linuxaudio,0.7420257539149677
dogs,dogs,0.7420019570240701
findareddit,findareddit,0.7419773383216298
gtr,gtr,0.7418150313958919
DMDadJokes,DMDadJokes,0.7418136664470999
grunge,grunge,0.7417497486538879
OrganicGardening,OrganicGardening,0.7417353384838173
Vegan_Food,Vegan_Food,0.7416384160083804
BattlePaintings,BattlePaintings,0.7415969236933161
MosinNagant,MosinNagant,0.7415549942390411
cum,cum,0.7414742450039068
hiphop,hiphop,0.7414137411483289
bugs,bugs,0.741409569263173
AdvaitaVedanta,AdvaitaVedanta,0.7413583653491902
newhampshire,newhampshire,0.7413076883566643
TrueAtheism,TrueAtheism,0.7412712763088664
BuyItForLife,BuyItForLife,0.7412056006512012
logophilia,logophilia,0.741193327314334
lightingdesign,lightingdesign,0.7411429592714086
AtlantaUnited,AtlantaUnited,0.7410588302593142
GifRecipes,GifRecipes,0.7409637508124048
JDM,JDM,0.740867320016389
riddim,riddim,0.7408627515978178
projectcar,projectcar,0.7406235307435995
MakeupEducation,MakeupEducation,0.7405426844645973
MusicEd,MusicEd,0.7401039153314488
lonely,lonely,0.7400116264217186
90sAlternative,90sAlternative,0.7398195849699688
VisualStudio,VisualStudio,0.7397703855659717
chickflixxx,chickflixxx,0.7397458747458595
youtubegaming,youtubegaming,0.7397445225443178
fujifilm,fujifilm,0.7397185327988961
Stance,Stance,0.7396555549891041
japanese,japanese,0.7396535151612922
seinfeld,seinfeld,0.7393920279715431
nintendomusic,nintendomusic,0.7393502203423495
RuinedOrgasms,RuinedOrgasms,0.7393491530771653
evolution,evolution,0.7393304802157439
academiceconomics,academiceconomics,0.7391073683717589
Career,Career,0.7389142051584014
Soundgarden,Soundgarden,0.7387214143547131
KitchenConfidential,KitchenConfidential,0.7387176734399173
PoliticalScience,PoliticalScience,0.7387083994357462
longbeach,longbeach,0.7384054623172219
CalamariRaceTeam,CalamariRaceTeam,0.7383763874160905
ChicagoNWside,ChicagoNWside,0.7382636954758416
quant,quant,0.7382349139888573
rollingstones,rollingstones,0.7382126605795508
Baking,Baking,0.7381872677100383
LSDTripLifeHacks,LSDTripLifeHacks,0.7381317131774676
ecology,ecology,0.7381115133955587
HondaCB,HondaCB,0.738064087754107
RyzeMains,RyzeMains,0.7378826451717913
PhD,PhD,0.7378571314317732
Gin,Gin,0.737849654797173
ballpython,ballpython,0.7378125127295578
Invites,Invites,0.7376675375628703
frogs,frogs,0.7375283926313358
soccer,soccer,0.7374315735487192
UGA,UGA,0.7374286316325429
gamemusic,gamemusic,0.7374284757414219
MontgomeryCountyMD,MontgomeryCountyMD,0.7374173111628153
upherbutt,upherbutt,0.7373759964616986
treedibles,treedibles,0.7373595456604994
resumes,resumes,0.7373440572524629
FallOutBoy,FallOutBoy,0.7372798363421287
cruisers,cruisers,0.737205135864074
percussion,percussion,0.7372029151306582
wildlifephotography,wildlifephotography,0.7369837782114433
nintendo,nintendo,0.7369766160743983
Exxxtras,Exxxtras,0.7368935222711801
tampa,tampa,0.7366837249586512
DnD,DnD,0.7365970655269178
careerguidance,careerguidance,0.7365282302684498
docker,docker,0.7364840785882384
climbergirls,climbergirls,0.7364034749406357
awwnverts,awwnverts,0.7364020766320261
Dodge,Dodge,0.7363835091021631
Archeology,Archeology,0.7362546402339216
mossberg,mossberg,0.7362428619453361
newengland,newengland,0.7361239805445093
tomwaits,tomwaits,0.7360196879418033
jimihendrix,jimihendrix,0.7359027797115096
sanmarcos,sanmarcos,0.7358582343205521
low_poly,low_poly,0.7358404000017155
toolporn,toolporn,0.7357356616196997
coins,coins,0.7356166763856166
mastodonband,mastodonband,0.7354871096474487
stencils,stencils,0.735409239791348
IOT,IOT,0.7353606087014006
SquareEnix,SquareEnix,0.7349952180323469
shortstories,shortstories,0.7349859170582603
nanowrimo,nanowrimo,0.7349392692120942
bronx,bronx,0.734884670503664
BorderCollie,BorderCollie,0.7348250495925945
reinforcementlearning,reinforcementlearning,0.7347955762462453
bugout,bugout,0.7346904397602548
learntodraw,learntodraw,0.7342936090337409
AncientGreek,AncientGreek,0.7342873448266117
DepthHub,DepthHub,0.7342649680248354
dataengineering,dataengineering,0.7342596421341947
angular,angular,0.7342199003098827
Dirtbikes,Dirtbikes,0.7341765439663472
Poetry,Poetry,0.7340512514795627
xmen,xmen,0.7340159375050327
Trackdays,Trackdays,0.7336857320706673
askdrugs,askdrugs,0.7336349191813892
Documentaries,Documentaries,0.733609679691977
pic,pic,0.7335868321636159
mathriddles,mathriddles,0.7334743270479687
PlayItAgainSam,PlayItAgainSam,0.7334538285450296
whatstheword,whatstheword,0.7334189832304062
cider,cider,0.7332942664934485
hackernews,hackernews,0.7332882785044935
joi,joi,0.7332604712639368
Throatfucking,Throatfucking,0.7331268064177091
godot,godot,0.7329334307332617
OregonCoast,OregonCoast,0.732905965819782
boating,boating,0.7328607558879521
ArmsandArmor,ArmsandArmor,0.7328577052881409
chinalife,chinalife,0.7328242127085641
naturalbodybuilding,naturalbodybuilding,0.7327388463318651
altcomix,altcomix,0.7326416817160056
mongodb,mongodb,0.7326155941317889
mercedes,mercedes,0.7324707270603189
SonyAlpha,SonyAlpha,0.7323235475369676
inspiration,inspiration,0.7322599064489569
adwords,adwords,0.7321992302038115
ChemicalEngineering,ChemicalEngineering,0.7321373209964686
VHS,VHS,0.7321094077784907
gitlab,gitlab,0.7319041617771597
Fisting,Fisting,0.7318722559929556
rush,rush,0.7316601688065459
theXeffect,theXeffect,0.7316564399998509
haskell,haskell,0.7316413761923125
Canning,Canning,0.7315665008740685
sociology,sociology,0.7315193284855899
epidemiology,epidemiology,0.7314110116226118
Music,Music,0.7313216837104377
boatbuilding,boatbuilding,0.7311284259497413
ENGLISH,ENGLISH,0.7310037930676265
redditgetsdrawn,redditgetsdrawn,0.7309832690898295
HomeImprovement,HomeImprovement,0.7309397507699205
crypto,crypto,0.7309297162312638
PacificNorthwest,PacificNorthwest,0.7308415760472265
AliceInChains,AliceInChains,0.7308136722683741
wmnf,wmnf,0.7307508523398025
SpaceXMasterrace,SpaceXMasterrace,0.7307026578493429
comic_crits,comic_crits,0.7306892990637605
HomeServer,HomeServer,0.7305899114552896
vancouverhiking,vancouverhiking,0.7304391104569207
zabbix,zabbix,0.7304387076505533
rprogramming,rprogramming,0.7304112234369484
illinois,illinois,0.7303589961236457
PAguns,PAguns,0.7301694085318996
amateurgirlsbigcocks,amateurgirlsbigcocks,0.7301282294928829
shortwave,shortwave,0.7300529101943809
Angular2,Angular2,0.729911124266425
askastronomy,askastronomy,0.7298454610046793
beats,beats,0.7298318016238589
MusicPromotion,MusicPromotion,0.7298189040646047
AdvancedFitness,AdvancedFitness,0.7297946424905618
japanpics,japanpics,0.7297922753907181
Existentialism,Existentialism,0.7297854298437894
cunnilingus,cunnilingus,0.7297831098468897
farming,farming,0.7297125603861314
gentlemanbonersgifs,gentlemanbonersgifs,0.7296962348559894
rockhounds,rockhounds,0.7296895115719796
OffGrid,OffGrid,0.7294174879667368
CaptainAmerica,CaptainAmerica,0.7293802310644929
NewRiders,NewRiders,0.7293671089204266
LowellMA,LowellMA,0.7293391305436644
weedbiz,weedbiz,0.7292868750959808
boas,boas,0.7292630152050783
howtonotgiveafuck,howtonotgiveafuck,0.7289626656926274
budgetfood,budgetfood,0.7287719816106576
JoshuaTree,JoshuaTree,0.7286692334516132
EssendonFC,EssendonFC,0.7285539202234367
freelanceWriters,freelanceWriters,0.7283819876013163
statenisland,statenisland,0.7282996491750138
beijing,beijing,0.7282805390161502
KingOfTheHill,KingOfTheHill,0.7282510244259364
CampAndHikeMichigan,CampAndHikeMichigan,0.728247207731579
thighhighs,thighhighs,0.7282378481646161
cassetteculture,cassetteculture,0.7282327393825851
badscience,badscience,0.7282000223676226
championsleague,championsleague,0.7281919450343971
EdBangerRecords,EdBangerRecords,0.728129740676422
corychase,corychase,0.7279699766307866
ImagineMusicFestival,ImagineMusicFestival,0.7279139403021717
SelenaGomez,SelenaGomez,0.7278710048806613
SympatheticMonsters,SympatheticMonsters,0.7277427254471587
Slackline,Slackline,0.7277106792214171
Shoestring,Shoestring,0.7276888037981065
rock,rock,0.7276212528021885
scala,scala,0.7274421165047048
captureone,captureone,0.7273699676730487
shenzhen,shenzhen,0.7273113583220279
DavidBowie,DavidBowie,0.7272866429778818
breakcore,breakcore,0.7272595693390885
okeechobeemusicfest,okeechobeemusicfest,0.7272461833003394
LaserDisc,LaserDisc,0.7271772557706654
Reincarnation,Reincarnation,0.7270849229317772
qotsa,qotsa,0.7268830813897925
SKS,SKS,0.7267759250459439
mississauga,mississauga,0.7267722964991458
travelchina,travelchina,0.7267537987915809
urbanexploration,urbanexploration,0.7267172970284097
vulkan,vulkan,0.7265458901222187
LeopardGecko,LeopardGecko,0.7264682164550049
Nirvana,Nirvana,0.7264379321604567
SQLServer,SQLServer,0.7264251022077985
Mustang,Mustang,0.7263445560720438
SkincareAddiction,SkincareAddiction,0.7263388964123213
Zappa,Zappa,0.7261327756602055
maths,maths,0.7259627324028499
Metalfoundry,Metalfoundry,0.7258733527352595
Nipples,Nipples,0.725843055360601
postorgasm,postorgasm,0.7257874322035766
botany,botany,0.7257838589408774
ShambhalaBuddhism,ShambhalaBuddhism,0.7257074476143052
ramdass,ramdass,0.7256236468081478
yellowstone,yellowstone,0.7255647256119097
neilyoung,neilyoung,0.7254602380918117
brooklynninenine,brooklynninenine,0.7253819918177153
KeybaseProofs,KeybaseProofs,0.7253306546953922
CabinPorn,CabinPorn,0.7253261401950464
JapanTravel,JapanTravel,0.7252652245855065
dosgaming,dosgaming,0.7250649102706146
logic,logic,0.7250344094698787
WhatIsThisPainting,WhatIsThisPainting,0.7249702420066755
FolkPunk,FolkPunk,0.7248726853164749
jerseycity,jerseycity,0.7248382689695281
Agriculture,Agriculture,0.7248230201198546
snowboarding,snowboarding,0.7247569614066157
BassGuitar,BassGuitar,0.7246544478210584
veganketo,veganketo,0.7246402341324435
Beginning_Photography,Beginning_Photography,0.7246031407216397
TheoryOfReddit,TheoryOfReddit,0.7245117152588801
huntingtonbeach,huntingtonbeach,0.7244369548496957
itchio,itchio,0.7243933908258879
Nootropics,Nootropics,0.7243821427118273
shittyaskelectronics,shittyaskelectronics,0.7243618167089864
declutter,declutter,0.7243320334737479
Skookum,Skookum,0.7242301244830956
specializedtools,specializedtools,0.7240271167769626
fieldrecording,fieldrecording,0.7239151328997374
wavepool,wavepool,0.7238231172203146
Colorization,Colorization,0.7238185561734408
esp32,esp32,0.7237877223762434
wisconsin,wisconsin,0.7236494069791433
GodPussy,GodPussy,0.7236116293965776
indepthstories,indepthstories,0.7234905589980923
wma,wma,0.7234578126440299
grandcanyon,grandcanyon,0.7233917187485667
humor,humor,0.7233329672318055
ADTR,ADTR,0.7232485857952086
rum,rum,0.7230081692856977
drums,drums,0.7229888232038401
missionarysex,missionarysex,0.7229600511731129
Harley,Harley,0.7228957382803969
RedHotChiliPeppers,RedHotChiliPeppers,0.7228867252744458
keltec,keltec,0.7228299816879022
transcribe,transcribe,0.7228144587168779
VietNam,VietNam,0.722700390383876
gaypornhunters,gaypornhunters,0.7225630678028915
oblivion,oblivion,0.7225586931472511
firstworldanarchists,firstworldanarchists,0.7225582605761666
tight_shorts,tight_shorts,0.7225123843023644
Anger,Anger,0.7224934529089309
CumshotSelfies,CumshotSelfies,0.7224568291830888
computertechs,computertechs,0.7224132618266614
alcoholism,alcoholism,0.7223621771955101
Careers,Careers,0.722349169723191
vagabond,vagabond,0.7223375448220979
phonk,phonk,0.7222949420753739
interviews,interviews,0.7222736420300058
UXDesign,UXDesign,0.7220711547220915
lua,lua,0.7220542868349695
indieheads,indieheads,0.7219432413152048
natureporn,natureporn,0.7217040344741132
pearljam,pearljam,0.7216657405212823
k12sysadmin,k12sysadmin,0.7216296827107942
BAbike,BAbike,0.7215149409143647
weddingvideography,weddingvideography,0.7214932412728056
vancouvercycling,vancouvercycling,0.7214243883739806
galveston,galveston,0.7212615090353957
nonduality,nonduality,0.721235805618695
Breakfast,Breakfast,0.7212264868971308
disney,disney,0.7212230187307915
lamborghini,lamborghini,0.7212062317723537
AtlantaHawks,AtlantaHawks,0.7211937590056864
confusing_perspective,confusing_perspective,0.7208974109676842
crustpunk,crustpunk,0.7207720110699535
neogeo,neogeo,0.7207556297043578
earthbound,earthbound,0.7206832595399123
Petioles,Petioles,0.720654325204401
vegetarianketo,vegetarianketo,0.7206543008099066
GamingVideos,GamingVideos,0.7205900835295662
Parenting,Parenting,0.720555024494533
BreakfastFood,BreakfastFood,0.720489977510723
OffGridCabins,OffGridCabins,0.7204878248826461
guangzhou,guangzhou,0.720455774470503
Gameboy,Gameboy,0.7204408657764547
flaminglips,flaminglips,0.7203161226221264
submarines,submarines,0.720301395507393
IndustrialDesign,IndustrialDesign,0.72028546109224
esp8266,esp8266,0.7201221782321197
CyclingMSP,CyclingMSP,0.7200572067526356
Neuropsychology,Neuropsychology,0.7200482175572769
civilengineering,civilengineering,0.7200436561212709
orgasmcontrol,orgasmcontrol,0.7199906187167566
fender,fender,0.7199188883885814
submechanophobia,submechanophobia,0.7199144322435822
blowjobsandwich,blowjobsandwich,0.7198900204944821
gunpolitics,gunpolitics,0.7198746290033908
USMC,USMC,0.7198132544234891
ScienceTeachers,ScienceTeachers,0.7197747127498589
DenverGardener,DenverGardener,0.7197667053843319
DesignJobs,DesignJobs,0.7197206326039824
scamp,scamp,0.7196853999134604
Esperanto,Esperanto,0.7196616212930507
nofx,nofx,0.7196458378137779
fusion,fusion,0.7195979467613186
apple,apple,0.7195894272042898
chapelhill,chapelhill,0.719486467351357
providence,providence,0.7194695311637374
winemaking,winemaking,0.7194064822930346
trailrunning,trailrunning,0.7193739827703955
shorthairchicks,shorthairchicks,0.718926677603339
M43,M43,0.7188643906911754
Atari2600,Atari2600,0.7188527281145135
ContemporaryArt,ContemporaryArt,0.7187144849932103
orlando,orlando,0.7185960748238193
ArsenalFC,ArsenalFC,0.718576343297345
timbers,timbers,0.7185580750567019
BDSMcommunity,BDSMcommunity,0.7185484892547853
animation,animation,0.7184852859756643
soundcloud,soundcloud,0.7183922101739387
MST3K,MST3K,0.7183119376427197
TheMassive,TheMassive,0.718275449788669
wildhockey,wildhockey,0.7182591954804082
LegendsOfTomorrow,LegendsOfTomorrow,0.7182025765652537
grindcore,grindcore,0.7181888341024134
AntiJokes,AntiJokes,0.7181803822242174
3Blue1Brown,3Blue1Brown,0.7181679132337359
PhilosophyofReligion,PhilosophyofReligion,0.7181288991988484
shavedpussies,shavedpussies,0.7180467944577053
Catholicism,Catholicism,0.7180410103268609
7String,7String,0.7180295692251919
collingwoodfc,collingwoodfc,0.7179943418505705
Veterans,Veterans,0.7179644171613961
USLPRO,USLPRO,0.7177796263022524
Odesza,Odesza,0.7177270739288282
ExteriorDesign,ExteriorDesign,0.7176264902751109
freebies,freebies,0.7175507235923893
Virginia,Virginia,0.7175231694479404
singing,singing,0.7173599832174439
alltimelow,alltimelow,0.7172916463126517
donkeykong,donkeykong,0.7172855164313355
labrats,labrats,0.7172828455585407
FSAE,FSAE,0.7172419592072906
mechanics,mechanics,0.7171171272968935
translator,translator,0.7169655515799188
BigBoobsGonewild,BigBoobsGonewild,0.7169625852983891
fonts,fonts,0.7166706181321774
opendirectories,opendirectories,0.7166702597053252
EatCheapAndVegan,EatCheapAndVegan,0.7166428726688879
fintech,fintech,0.7164274987559497
Sneks,Sneks,0.716378857794124
titlegore,titlegore,0.7163450568182654
ultralight_jerk,ultralight_jerk,0.7162542208007735
musclecar,musclecar,0.7161872921165626
APUSH,APUSH,0.7161666433170323
AustralianShepherd,AustralianShepherd,0.7161614290793996
blender,blender,0.716144018392208
catfishing,catfishing,0.7161357744256704
STS9,STS9,0.7160545185818072
MicrosoftTeams,MicrosoftTeams,0.7159321936693204
DebateAnAtheist,DebateAnAtheist,0.7159270524340928
vagina,vagina,0.7158691826820053
AmateurRoomPorn,AmateurRoomPorn,0.715802528935034
ancientgreece,ancientgreece,0.7157849354354824
MMJ,MMJ,0.7157609034933642
WholeFoodsPlantBased,WholeFoodsPlantBased,0.715676162605185
photomarket,photomarket,0.7156622534089753
FaithNoMore,FaithNoMore,0.7155585723612153
languagelearningjerk,languagelearningjerk,0.7155251241159307
SolidWorks,SolidWorks,0.7155208067203817
Cichlid,Cichlid,0.7155129197216212
Porsche,Porsche,0.7154516676680719
DeepSpaceNine,DeepSpaceNine,0.7154220733620366
dmtguide,dmtguide,0.7153249980077339
Keto_Food,Keto_Food,0.715312458620339
juststart,juststart,0.7153054334600566
mildlysatisfying,mildlysatisfying,0.715284155415567
ReasonableFantasy,ReasonableFantasy,0.7152435887888436
HomeDecorating,HomeDecorating,0.715242867134537
Kyoto,Kyoto,0.7152131848576097
AlanWatts,AlanWatts,0.7150647098284778
blackpowder,blackpowder,0.7149923995618426
TEFL,TEFL,0.7149502331549589
dehydrating,dehydrating,0.7148456510190224
KindVoice,KindVoice,0.714773422463047
WeirdWings,WeirdWings,0.7147428332102547
macsysadmin,macsysadmin,0.7145864262414107
AboveandBeyond,AboveandBeyond,0.7145028470600254
facesitting,facesitting,0.7142699954289269
BetaReaders,BetaReaders,0.7142588851210003
CustomerSuccess,CustomerSuccess,0.7141941002754164
puffynipples,puffynipples,0.7141930158437618
Strongman,Strongman,0.7141913214048075
MetalCasting,MetalCasting,0.7141764355916078
santacruz,santacruz,0.7141726980279987
Metallica,Metallica,0.7140899954487582
dessert,dessert,0.714060547919495
rem,rem,0.7140380018835308
microbiology,microbiology,0.7139685822743564
Metroid,Metroid,0.7139199405178669
rhino,rhino,0.7139183368807913
SolusProject,SolusProject,0.7139042661081934
Hoboken,Hoboken,0.713861771126074
ToolJerk,ToolJerk,0.7138515191830995
Magento,Magento,0.7137381431810612
hulk,hulk,0.7137042545158518
HENTAI_GIF,HENTAI_GIF,0.7136456990428546
AvaAddams,AvaAddams,0.7135652934237807
firewater,firewater,0.7135204504255859
girlskissing,girlskissing,0.7135070306002183
underground_music,underground_music,0.7134074269515868
theocho,theocho,0.7133180301586325
superheroes,superheroes,0.7132929042360838
Anxiety,Anxiety,0.7131900273385239
VOIP,VOIP,0.7131759255542764
Gloryholes,Gloryholes,0.7130919335320296
teachingresources,teachingresources,0.7130383166835104
wilco,wilco,0.7129270901984888
consciousness,consciousness,0.7127875840098798
aperfectcircle,aperfectcircle,0.7127705936199522
SalemMA,SalemMA,0.7127614814763886
audiorepair,audiorepair,0.71264205944176
martinguitar,martinguitar,0.7126247032089302
HecklerKoch,HecklerKoch,0.7125512512336949
RenewableEnergy,RenewableEnergy,0.7125065365775317
KoreanFood,KoreanFood,0.7123974185727218
talkingheads,talkingheads,0.7123746695571987
dadjokes,dadjokes,0.712328510217659
ExplainLikeImCalvin,ExplainLikeImCalvin,0.7122763767091322
UWMadison,UWMadison,0.712152707495429
DungeonSynth,DungeonSynth,0.7120743724454901
formcheck,formcheck,0.7120400822339392
GWNerdy,GWNerdy,0.7120336083706356
OlympusCamera,OlympusCamera,0.7119913070725221
microdosing,microdosing,0.7119571184116512
SurfFishing,SurfFishing,0.7119481786334763
furniture,furniture,0.7117969717562037
TooMeIrlForMeIrl,TooMeIrlForMeIrl,0.7117763682210622
PubTips,PubTips,0.71167641483111
georgiabulldogs,georgiabulldogs,0.7116408281241167
TexasGuns,TexasGuns,0.7116129063294893
TrainPorn,TrainPorn,0.7115407297600926
MDT,MDT,0.7114897919613864
yesyesyesno,yesyesyesno,0.7114421314686631
MacroPorn,MacroPorn,0.7111597804279061
bisco,bisco,0.7111596478978062
explainlikeimfive,explainlikeimfive,0.7110184472141022
Dirtybird,Dirtybird,0.7109187827995062
PrettyLittleCumsluts,PrettyLittleCumsluts,0.7109044923039648
aww,aww,0.7108036630179814
standupshots,standupshots,0.7107529652649761
google,google,0.7107133626904478
alchemy,alchemy,0.710706532317924
TheWho,TheWho,0.7106612573989776
v8supercars,v8supercars,0.7106229820333587
ballsucking,ballsucking,0.7106014147866023
DnDGreentext,DnDGreentext,0.7105814717106428
identifythisfont,identifythisfont,0.7105623924118383
Astros,Astros,0.7105280448953031
throatpies,throatpies,0.710467434715117
arcade,arcade,0.7103619841936288
Ghoststories,Ghoststories,0.7103479839699184
Meshuggah,Meshuggah,0.7102715279602622
SteamGameSwap,SteamGameSwap,0.7102200747507827
depressed,depressed,0.7100244606189917
StanleyKubrick,StanleyKubrick,0.709915046148278
Seattle,Seattle,0.7098760311677541
PixelArt,PixelArt,0.7097933583961626
GTAV,GTAV,0.7097114844377447
asslick,asslick,0.7096569090010796
chillmusic,chillmusic,0.7095028892872782
SantaClarita,SantaClarita,0.7094589311767827
minnesota,minnesota,0.7092793262774374
macdemarco,macdemarco,0.7088266988236834
Journaling,Journaling,0.7087955706957941
Vstrom,Vstrom,0.7087129484069032
Bukkake,Bukkake,0.7085907732021043
dynamo,dynamo,0.7085822770445223
MiaMalkova,MiaMalkova,0.7084949513475786
industrialengineering,industrialengineering,0.7084369867164051
singedmains,singedmains,0.7082517085777422
portraits,portraits,0.7080491363607216
glutenfree,glutenfree,0.7080172769521383
Psychic,Psychic,0.7079974471645315
audiophile,audiophile,0.7079798069415629
WordAvalanches,WordAvalanches,0.7079090073576451
xxketo,xxketo,0.7078612978777576
TalesFromRetail,TalesFromRetail,0.7078250679465824
Bass,Bass,0.7077612144379598
Daredevil,Daredevil,0.7076437007242105
WiiHacks,WiiHacks,0.7075932690644086
books,books,0.7075124002392695
oasis,oasis,0.7074851440465141
CultCinema,CultCinema,0.7074275481514122
SuicideWatch,SuicideWatch,0.7074107968292507
FortWorth,FortWorth,0.7073965667123813
southcarolina,southcarolina,0.7073247773707398
photoshopbattles,photoshopbattles,0.7072857714243
FantasticFour,FantasticFour,0.7071215402122654
pastry,pastry,0.7071211345150608
WonderWoman,WonderWoman,0.7071098327102306
ArtFundamentals,ArtFundamentals,0.7070863347861938
MyBloodyValentine,MyBloodyValentine,0.7069142524917473
etymologymaps,etymologymaps,0.7069133214089843
Blink182,Blink182,0.7068890282913987
agile,agile,0.7068801190702093
Montana,Montana,0.706749191449872
sex_comics,sex_comics,0.7066564739340597
FNFAL,FNFAL,0.706613967268297
BikeLA,BikeLA,0.7065869334265062
ImaginaryFeels,ImaginaryFeels,0.7064851379194694
Cheese,Cheese,0.7064164803110531
FighterJets,FighterJets,0.7064104127385112
torrentlinks,torrentlinks,0.7063904562407627
videos,videos,0.7063902546051983
Breckenridge,Breckenridge,0.7063621756816381
FilmFestivals,FilmFestivals,0.7063332657044374
strength_training,strength_training,0.7063272623342612
thongs,thongs,0.7062986394794256
Ibanez,Ibanez,0.7062710863302519
UXResearch,UXResearch,0.7062673622197576
Aerosmith,Aerosmith,0.7061171027930373
pagan,pagan,0.7059561181694046
gratitude,gratitude,0.7058430124558933
cheesemaking,cheesemaking,0.7058021963162648
PanasonicG7,PanasonicG7,0.7056623161934733
Cyclopswasright,Cyclopswasright,0.7056053806177397
DIY,DIY,0.7055538340845764
Katy,Katy,0.7055437547988852
portlandtrees,portlandtrees,0.7055210637830779
Citibike,Citibike,0.7054724112797931
Marin,Marin,0.7054664304978265
Celebs,Celebs,0.7054637924395838
CelticFC,CelticFC,0.7052688414103112
QuotesPorn,QuotesPorn,0.7052640115342618
TeardropTrailers,TeardropTrailers,0.7052239206872825
FIlm,FIlm,0.7052167020487902
printmaking,printmaking,0.7049980979384403
Goldfish,Goldfish,0.7049483458627747
Detroit,Detroit,0.7049422175651494
fortlauderdale,fortlauderdale,0.7049154448232361
batman,batman,0.7048938643976562
teachinginjapan,teachinginjapan,0.704746593648087
annakendrick,annakendrick,0.7047275326052372
Archery,Archery,0.7046916013801068
gaybros,gaybros,0.7045667330366023
appstate,appstate,0.7045115117988553
MakeupRehab,MakeupRehab,0.7045062208939342
SVRiders,SVRiders,0.704445510837493
Tabs,Tabs,0.7044073756917482
FinalFantasyXII,FinalFantasyXII,0.7043820038824252
Greenhouses,Greenhouses,0.7043621345645573
Foxbody,Foxbody,0.7043536077400117
CapeCod,CapeCod,0.7042149322380838
vegetarianrecipes,vegetarianrecipes,0.7042060194156634
ArtDeco,ArtDeco,0.7041422325161533
boardgames,boardgames,0.7041400455280614
anglish,anglish,0.7040961231223246
atlbeer,atlbeer,0.7040783163862931
cambodia,cambodia,0.7040410510590777
flexibility,flexibility,0.7040380842962403
metaldetecting,metaldetecting,0.7039769120522653
AskNetsec,AskNetsec,0.7039409518636336
Royal_Blood,Royal_Blood,0.7039042022508047
Lovecraft,Lovecraft,0.7038396329922609
fullmoviesonyoutube,fullmoviesonyoutube,0.7038093891852253
Firearms,Firearms,0.703800206458195
PussyWedgie,PussyWedgie,0.7037913259612874
whitecapsfc,whitecapsfc,0.7037036751406502
UniversityOfHouston,UniversityOfHouston,0.7036454959047516
uniformporn,uniformporn,0.7036428762743333
howto,howto,0.7036110767081152
JaydenJaymes,JaydenJaymes,0.7035753499025457
badphilosophy,badphilosophy,0.7035625290537343
alameda,alameda,0.7035535102599497
gundeals,gundeals,0.703527529570601
water,water,0.7035085321666213
irvine,irvine,0.7034883604615396
assholedesign,assholedesign,0.703413156241652
HipHopImages,HipHopImages,0.7034044360699432
swans,swans,0.7032008130540569
Helicopters,Helicopters,0.7031821461007677
Waxpen,Waxpen,0.7031767642053518
Hosting,Hosting,0.7031126892340744
programmingcirclejerk,programmingcirclejerk,0.7030900936265031
DebateAChristian,DebateAChristian,0.7030190207764899
germany,germany,0.7029844266710724
buttsex,buttsex,0.7028410219650331
RedditDayOf,RedditDayOf,0.7028134932207548
HamRadio,HamRadio,0.7027700041885193
goldenretrievers,goldenretrievers,0.7027617565876981
germanshepherds,germanshepherds,0.7027485101531876
banjo,banjo,0.7027218429606518
AskHistory,AskHistory,0.7026791272840457
twinpeaks,twinpeaks,0.702625783462434
chocolate,chocolate,0.7026094536895817
nova,nova,0.7025956481962375
MyChemicalRomance,MyChemicalRomance,0.7025884624913665
oakville,oakville,0.7025183033467151
diving,diving,0.7025063134690376
grammar,grammar,0.7024543419717991
DebateReligion,DebateReligion,0.7024114599262785
elementaryos,elementaryos,0.7024019388545617
DebateAnarchism,DebateAnarchism,0.7023058999134522
crt,crt,0.7022758881564892
FunWithFriends,FunWithFriends,0.7021415546932857
amiga,amiga,0.7021359607530446
watercolor101,watercolor101,0.7020709007586976
askpsychology,askpsychology,0.7020584223803955
midi,midi,0.701912225506821
vintageads,vintageads,0.7018997092671665
Mid_Century,Mid_Century,0.7018671553663024
malelifestyle,malelifestyle,0.7018003954407268
ventura,ventura,0.7017921307814003
3DS,3DS,0.7017310409513756
Ayurveda,Ayurveda,0.7017134651210597
publishing,publishing,0.7016932441389728
AncientCivilizations,AncientCivilizations,0.7016306851768941
greenday,greenday,0.7016122321494752
cameltoe,cameltoe,0.7016038645250255
Wheels,Wheels,0.701496685021988
Wolverine,Wolverine,0.7014035474045177
PS3,PS3,0.7013904169041437
HipHopCollabs,HipHopCollabs,0.701251230786268
LadiesofScience,LadiesofScience,0.7011945260466428
Aprilia,Aprilia,0.7011357969187244
sanantonio,sanantonio,0.7011253221450131
researchchemicals,researchchemicals,0.7011113881178769
DebateACatholic,DebateACatholic,0.7010580747276454
virtualbox,virtualbox,0.7010553727333959
FE_Exam,FE_Exam,0.70096560790062
ReelToReel,ReelToReel,0.7009435140524771
treemusic,treemusic,0.7008975354697399
Frisson,Frisson,0.7008579249819543
stockings,stockings,0.7007625934960161
recordingmusic,recordingmusic,0.7007271590663583
nba,nba,0.7006892354440432
TrueDetective,TrueDetective,0.7005868975491096
newwave,newwave,0.7005838396323791
austinguns,austinguns,0.7005757116168463
Bowyer,Bowyer,0.7005139019757033
Gamecocks,Gamecocks,0.7005063208507313
babylon5,babylon5,0.7002801871982911
Showerthoughts,Showerthoughts,0.700235583760191
vlog,vlog,0.7001916298828594
summonerschool,summonerschool,0.7001892319156363
hexandcounter,hexandcounter,0.7001866412281026
comoxvalley,comoxvalley,0.700149681107188
BreedingMaterial,BreedingMaterial,0.7000447018430657
bigboobproblems,bigboobproblems,0.7000228294722426
TexasRangers,TexasRangers,0.69994827113668
bobdylan,bobdylan,0.6998923491074892
Phillylist,Phillylist,0.6998585441185222
SchecterGuitars,SchecterGuitars,0.6998448159209497
irishtourism,irishtourism,0.6997414009072751
Brogress,Brogress,0.6995105505776211
Bacon,Bacon,0.699505985175407
DesirePath,DesirePath,0.6994748050568521
MoonKnight,MoonKnight,0.6993677900190814
gagged,gagged,0.6992528179130951
sca,sca,0.6992099882112153
blur,blur,0.6992070150832871
UrbanHell,UrbanHell,0.699180024491232
ChronicPain,ChronicPain,0.6991671839694853
apps,apps,0.6991280284145291
OldSchoolCool,OldSchoolCool,0.6990729161671534
software,software,0.6990513956984439
BanjoKazooie,BanjoKazooie,0.6990361195161471
nocode,nocode,0.6989413276494654
Tuba,Tuba,0.6989237398347479
Armor,Armor,0.6988846966633806
spiders,spiders,0.6988379638010678
ClassicTrance,ClassicTrance,0.6987051255639842
libreoffice,libreoffice,0.6986950444861731
freebeats,freebeats,0.6986640565088664
SexPositive,SexPositive,0.6986305159240013
NCSU,NCSU,0.6985302248767684
Career_Advice,Career_Advice,0.6984462095904078
TrueFilm,TrueFilm,0.6984438069768396
timelapse,timelapse,0.6984375506034369
Rapids,Rapids,0.6984064893589728
BostonU,BostonU,0.6983739921588676
Dexter,Dexter,0.6983695007583272
FortCollins,FortCollins,0.6983452096481249
AZURE,AZURE,0.6982425171616945
Frugal,Frugal,0.6981593098214689
leafs,leafs,0.6979210873032138
FreeCodeCamp,FreeCodeCamp,0.6978900105769845
Mommit,Mommit,0.6978538313752112
UnresolvedMysteries,UnresolvedMysteries,0.6978491300690377
asaakira,asaakira,0.6977370696307191
ModelsGoneMild,ModelsGoneMild,0.6977278169389454
ufl,ufl,0.6977228943564078
sailing,sailing,0.6977074987333652
laos,laos,0.6976956818039076
malefashionadvice,malefashionadvice,0.6976832195846417
rockmusic,rockmusic,0.6976785034550087
Missing411,Missing411,0.6976108952729967
SkyLine,SkyLine,0.6975643594717786
FishingForBeginners,FishingForBeginners,0.6975392764781184
chiangmai,chiangmai,0.6974313739903435
Vent,Vent,0.6972289092762713
Spearfishing,Spearfishing,0.697103083711425
Offroad,Offroad,0.6970604823078544
fbody,fbody,0.6969826717615994
ChevyTrucks,ChevyTrucks,0.6969218364485091
PSP,PSP,0.6969021182193635
ifyoulikeblank,ifyoulikeblank,0.6966682162173642
reiki,reiki,0.6966429122621501
cowboybebop,cowboybebop,0.6966053701820938
tequila,tequila,0.6965749250724859
macapps,macapps,0.6965542810741984
crssdfest,crssdfest,0.6963458740655565
Utah,Utah,0.6962760166038372
mclaren,mclaren,0.6962338830901561
SilverSpring,SilverSpring,0.696219224551699
Clarinet,Clarinet,0.6962091828124892
MotorcyclePorn,MotorcyclePorn,0.69604460083958
paracord,paracord,0.6960353526602228
Roughsex,Roughsex,0.6960288041484829
Greenlantern,Greenlantern,0.6960222985603853
winstonsalem,winstonsalem,0.6958976643313125
NorthMelbourneFC,NorthMelbourneFC,0.6958878796366382
pulsatingcumshots,pulsatingcumshots,0.6958833990535725
japanesemusic,japanesemusic,0.6957611600611469
MMFB,MMFB,0.695751931900712
FantasyMLS,FantasyMLS,0.6956575196458956
Kotlin,Kotlin,0.6955994731611659
DnDHomebrew,DnDHomebrew,0.6954471350650171
gadgets,gadgets,0.6954219137597107
suns,suns,0.6954107426097129
Brewers,Brewers,0.6953098307182947
screaming,screaming,0.6953090318116045
programminghelp,programminghelp,0.6953004024652835
businessanalysis,businessanalysis,0.6952294576882542
ironman,ironman,0.695181910457719
UrgotMains,UrgotMains,0.6951312736718515
nincirclejerk,nincirclejerk,0.6951213012250776
Upwork,Upwork,0.6950718006467365
tarantulas,tarantulas,0.6950618019199668
Lesbian_gifs,Lesbian_gifs,0.6950302326681924
datacenter,datacenter,0.69492719433801
Ornithology,Ornithology,0.6949161918529985
trumpet,trumpet,0.6948891731531623
SJEarthquakes,SJEarthquakes,0.6948405231769265
buildapc,buildapc,0.6948028013415501
programmatic,programmatic,0.6947606561085261
Beck,Beck,0.6946605756640043
materials,materials,0.6946171405414886
Sculpture,Sculpture,0.6945475642162822
Outlook,Outlook,0.6945113254570715
CollegeAmateurs,CollegeAmateurs,0.6944475728085004
COGuns,COGuns,0.6943326919049848
Drumkits,Drumkits,0.6942942842192228
Strava,Strava,0.6942829296280771
FoodSanDiego,FoodSanDiego,0.6942646382574312
softwarearchitecture,softwarearchitecture,0.6941388101208346
corydoras,corydoras,0.6941123800584207
BookCollecting,BookCollecting,0.6940119749020995
Butterflies,Butterflies,0.693930828587939
AskLiteraryStudies,AskLiteraryStudies,0.6939239464803558
WomenBendingOver,WomenBendingOver,0.6939228334583034
SketchDaily,SketchDaily,0.6939126447561477
prematurecumshots,prematurecumshots,0.6937774021216989
Justridingalong,Justridingalong,0.6937017913487372
bladesinthedark,bladesinthedark,0.6936100308759127
sleep,sleep,0.6935919434209094
Bart,Bart,0.6933202144706376
gainit,gainit,0.6932681779874909
Hema,Hema,0.6932445853996336
PhillyUnion,PhillyUnion,0.693211172431173
NEU,NEU,0.6931132457690763
Spyro,Spyro,0.6931083358813557
RealEstateTechnology,RealEstateTechnology,0.6930906369670027
TrueScaryStories,TrueScaryStories,0.6930799301115015
PropagandaPosters,PropagandaPosters,0.6929759540512913
retrocomputing,retrocomputing,0.6928710091491883
askaustin,askaustin,0.6928124403610778
WritingHub,WritingHub,0.6927770829959887
BringMeTheHorizon,BringMeTheHorizon,0.6927530013613709
MotoGuzzi,MotoGuzzi,0.6927341431991001
NukeVFX,NukeVFX,0.6927087179857047
kodi,kodi,0.692526783375155
AustinBeer,AustinBeer,0.6924448951108064
tokipona,tokipona,0.6923523203176093
canucks,canucks,0.6923150745781254
dissociatives,dissociatives,0.6922370134424526
mopar,mopar,0.6922146913474311
Cryptozoology,Cryptozoology,0.6921713823475454
Slimemolds,Slimemolds,0.6921041622653809
NixOS,NixOS,0.6920970274566793
Christianity,Christianity,0.6920347846446256
BirdPhotography,BirdPhotography,0.692013967570242
ar15pistol,ar15pistol,0.6918978277305734
nds,nds,0.6918364980305522
Cantonese,Cantonese,0.6918216547475204
Crayfish,Crayfish,0.6918149188345163
TexasTech,TexasTech,0.6918117362950976
engineeringmemes,engineeringmemes,0.6918006151511424
FreeGameFindings,FreeGameFindings,0.6917554936100705
stoners,stoners,0.6916766465285232
GarageBand,GarageBand,0.6916026538921964
weightlifting,weightlifting,0.6914591739885966
slingshots,slingshots,0.691441272937248
PhotoshopTutorials,PhotoshopTutorials,0.6913860748455929
pencils,pencils,0.6911957448606131
MonitorLizards,MonitorLizards,0.6911889161959491
powerwashingporn,powerwashingporn,0.6911803088967434
StarshipPorn,StarshipPorn,0.6911594938575593
wallpapers,wallpapers,0.6910953648564482
needadvice,needadvice,0.691061306966926
grindr,grindr,0.6910581019970672
Markham,Markham,0.6910039058236201
foxmustang,foxmustang,0.6910035133929604
WhiteWolfRPG,WhiteWolfRPG,0.6909498667834789
nutrition,nutrition,0.6908182773156244
Kemetic,Kemetic,0.6908008568513011
enduro,enduro,0.690794730369992
Welding,Welding,0.690608674514355
blackandwhite,blackandwhite,0.690604208162407
HistoryAnecdotes,HistoryAnecdotes,0.6905784169263002
SouthJersey,SouthJersey,0.6905519210464792
wikipedia,wikipedia,0.6905374101353757
shakespeare,shakespeare,0.6905222491289181
rolltide,rolltide,0.6904966133001199
footballhighlights,footballhighlights,0.6903781605868016
malcolminthemiddle,malcolminthemiddle,0.6903017562869093
Futurism,Futurism,0.6902243631572761
rbny,rbny,0.6902016773913495
Annapolis,Annapolis,0.690157831754428
65Grendel,65Grendel,0.6901374599919995
InterdimensionalCable,InterdimensionalCable,0.6900901784751421
Tori_Black,Tori_Black,0.6899022546912504
drawings,drawings,0.689899246542849
spicy,spicy,0.6898439141856695
bigasses,bigasses,0.6898084807907028
alteredbuttholes,alteredbuttholes,0.6897444313845367
Lumix,Lumix,0.6896841647115987
thrice,thrice,0.6896836954271561
askportland,askportland,0.6896279832538958
avb,avb,0.6895673043959571
finishing,finishing,0.6894308180690014
wde,wde,0.6893760751753953
collegebaseball,collegebaseball,0.6892810495048067
Gouache,Gouache,0.6892481033186418
RunNYC,RunNYC,0.6891708234111251
SacredGeometry,SacredGeometry,0.6890906957540843
oneliners,oneliners,0.6889660000067231
LatinasGW,LatinasGW,0.6889220521516458
hitchhiking,hitchhiking,0.6888120663789171
Pflugerville,Pflugerville,0.6887732184715684
CanadaSoccer,CanadaSoccer,0.6887633169738573
OP1users,OP1users,0.6887472239401257
PFSENSE,PFSENSE,0.6887384982571436
LisaAnn,LisaAnn,0.6887292914092508
HybridAnimals,HybridAnimals,0.6887255662990663
CommercialAV,CommercialAV,0.6886790461657804
Supernatural,Supernatural,0.6884821187359135
howyoudoin,howyoudoin,0.688400232452674
Naperville,Naperville,0.6883816787976845
Harvard,Harvard,0.688348167474903
beginnerfitness,beginnerfitness,0.6883349139029497
publichealth,publichealth,0.6883192721353454
Entomology,Entomology,0.6881903997905704
socal,socal,0.6881417806502709
multitools,multitools,0.688003698167571
doublebass,doublebass,0.6878420259723909
mutt,mutt,0.6878156199641383
namethatcar,namethatcar,0.6877313471043451
FioraMains,FioraMains,0.6877063176102584
WeightTraining,WeightTraining,0.6876936081611854
LetsPlayCritiques,LetsPlayCritiques,0.6876807994498718
24hoursupport,24hoursupport,0.687646832897312
surgery,surgery,0.6876239462859248
mpcusers,mpcusers,0.6876137425356522
drones,drones,0.6875942437832643
Pennsylvania,Pennsylvania,0.6875795227448435
BatmanBeyond,BatmanBeyond,0.6875538002555335
adventofcode,adventofcode,0.6874752542775437
dildo,dildo,0.6874395260960758
fixit,fixit,0.687209771338857
Dariusmains,Dariusmains,0.6872008171503052
discogs,discogs,0.6872000418059935
Jung,Jung,0.68718851625845
castles,castles,0.687133497531219
Acoustics,Acoustics,0.6870318116990769
Stress,Stress,0.6870056740451412
stripe,stripe,0.6869962071168465
RunningWithDogs,RunningWithDogs,0.6869084650196138
sexygirlsinjeans,sexygirlsinjeans,0.6868828870010436
mdphd,mdphd,0.6868668001426969
GripTraining,GripTraining,0.6868027049933124
Amphibians,Amphibians,0.6867904331588524
LAGalaxy,LAGalaxy,0.686777303023127
chrome_extensions,chrome_extensions,0.6867267609297135
JusticeMusic,JusticeMusic,0.6867238829054165
transhumanism,transhumanism,0.6866260497169709
DCAU,DCAU,0.6866149249102432
loveland,loveland,0.6866137651815976
QuantumComputing,QuantumComputing,0.6866094811217432
nature,nature,0.6865882786953212
AskScienceFiction,AskScienceFiction,0.686588007449949
Denton,Denton,0.6865509539606872
shanghai,shanghai,0.6864913757075565
AlanMoore,AlanMoore,0.6864912274692458
themarsvolta,themarsvolta,0.6864828627334073
lmms,lmms,0.6864176441458717
GaySex,GaySex,0.6863586324047825
ifttt,ifttt,0.6863199045742563
deftones,deftones,0.6863149854470566
modelmakers,modelmakers,0.6862525944834387
geography,geography,0.6862404677673953
VIDEOENGINEERING,VIDEOENGINEERING,0.6862138276971983
visualization,visualization,0.686152569675587
Adirondacks,Adirondacks,0.6861475793427442
fitness30plus,fitness30plus,0.6860451816337894
cablegore,cablegore,0.6860356933512709
bedroompop,bedroompop,0.685992085736734
painting,painting,0.6859548723883802
CableManagement,CableManagement,0.6859394930082944
NewMexico,NewMexico,0.6859359918738401
shehulk,shehulk,0.6859266291218504
dataanalysis,dataanalysis,0.6858551522600042
newyorkcity,newyorkcity,0.6858484077934679
ClemsonTigers,ClemsonTigers,0.6857403304078691
POV,POV,0.6857342246518564
ElectricForest,ElectricForest,0.6855688701646947
rangersfc,rangersfc,0.6854990449030844
thesmiths,thesmiths,0.6854385331681437
nvidia,nvidia,0.6854267360025648
xkcd,xkcd,0.685297461818069
Longmont,Longmont,0.6852375990221135
OregonStateUniv,OregonStateUniv,0.6851732732247082
FulfillmentByAmazon,FulfillmentByAmazon,0.6851418141390768
Jeep,Jeep,0.6851319654693133
underboob,underboob,0.6850197072769696
donaldglover,donaldglover,0.6850021972045928
newjersey,newjersey,0.6849433252500984
excel,excel,0.6849372289397819
shittyrobots,shittyrobots,0.684885595112599
FordTrucks,FordTrucks,0.6847907644100906
crafts,crafts,0.684757772403697
ainbow,ainbow,0.6847483350971398
Miami,Miami,0.6847164766603311
BruceSpringsteen,BruceSpringsteen,0.6847110368481302
BayernMunich,BayernMunich,0.6846849298218274
pastlives,pastlives,0.6846552326098767
Fantasy,Fantasy,0.684594918153225
overclocking,overclocking,0.68454088476326
InternetIsBeautiful,InternetIsBeautiful,0.684540441041761
chinesefood,chinesefood,0.6845261302410189
EOOD,EOOD,0.6844796939208599
klr650,klr650,0.6843564414050065
Westchester,Westchester,0.6843132536632416
FishingOntario,FishingOntario,0.68423957374737
RandomActsOfMuffDive,RandomActsOfMuffDive,0.6841375446254214
Exercise,Exercise,0.6839969799108108
Bookkeeping,Bookkeeping,0.6839606339112146
wec,wec,0.6838924025611429
whatisthismushroom,whatisthismushroom,0.6838590013714292
manchesterorchestra,manchesterorchestra,0.6838553032231808
Monstercat,Monstercat,0.6838263326992435
syriancivilwar,syriancivilwar,0.6836679079961712
mrbungle,mrbungle,0.6836105380723154
camaro,camaro,0.6836053934240971
YogaPants,YogaPants,0.6835548536787441
regex,regex,0.6834401405410792
JoyDivision,JoyDivision,0.6834400744980653
StonerThoughts,StonerThoughts,0.6832933699648194
HelpMeFind,HelpMeFind,0.6832793909056425
Cheap_Meals,Cheap_Meals,0.6832607605974497
TranslationStudies,TranslationStudies,0.6831686084567655
Existential_crisis,Existential_crisis,0.683144564614476
telescopes,telescopes,0.6831356676346982
ussoccer,ussoccer,0.6831235907542901
Langley,Langley,0.6830907534259656
skyrim,skyrim,0.6830769611551649
NYCFC,NYCFC,0.6830295035700586
awwtf,awwtf,0.6829206961358121
TOR,TOR,0.6828024728093508
bearsdoinghumanthings,bearsdoinghumanthings,0.6827938739159011
HouseOfCards,HouseOfCards,0.6827890271585767
muacjdiscussion,muacjdiscussion,0.6827123632191647
HIMYM,HIMYM,0.6826597884499643
birdpics,birdpics,0.6826273765361695
TampaBayLightning,TampaBayLightning,0.6826181853608091
BMW,BMW,0.6826031415822047
composting,composting,0.6825631986517349
uncommonposes,uncommonposes,0.6825373056745001
FantasyArt,FantasyArt,0.682527767149975
UMF,UMF,0.68245568174449
BeardedDragons,BeardedDragons,0.6824354783972993
nursing,nursing,0.6824032810141412
Adsense,Adsense,0.6823522565441241
hiphop101,hiphop101,0.6822236184488361
fishtank,fishtank,0.6821785166908938
Empaths,Empaths,0.6821486420291892
Muse,Muse,0.6821027841510837
hillsboro,hillsboro,0.6820878998177122
nocturnemains,nocturnemains,0.6820584935464231
Walther,Walther,0.6819044306427535
battlestations,battlestations,0.6818730728398664
CorpsmanUp,CorpsmanUp,0.6818473751167496
googlecloud,googlecloud,0.6818396301182676
thepunisher,thepunisher,0.6817384785970572
Sunnyvale,Sunnyvale,0.6816798180295781
WisconsinBadgers,WisconsinBadgers,0.6816497976667191
Spanish,Spanish,0.6816344093811519
shrooms,shrooms,0.6815516611314616
EliteDangerous,EliteDangerous,0.6814468121160925
freshalbumart,freshalbumart,0.6814401138809555
intel,intel,0.681406954339623
SJSU,SJSU,0.6813479048567348
ladycyclists,ladycyclists,0.6812601284733321
Anglicanism,Anglicanism,0.6812115307143302
servers,servers,0.6809692487000059
dillion_harper,dillion_harper,0.680909844321944
icecoast,icecoast,0.680653125279689
SoundersFC,SoundersFC,0.6805966956659021
titfuck,titfuck,0.6805692320386458
theflash,theflash,0.6804753227117613
ClinicalPsychology,ClinicalPsychology,0.6804507990860631
BCIT,BCIT,0.6804502570677965
phillies,phillies,0.6804270125060912
hvacadvice,hvacadvice,0.6803995186664935
VanLife,VanLife,0.6803310197500645
EDCOrlando,EDCOrlando,0.6803085870309671
Nightwing,Nightwing,0.6802590230872876
AskTechnology,AskTechnology,0.6802002286176319
BdsmDIY,BdsmDIY,0.6800879329294749
MentalHealthSupport,MentalHealthSupport,0.6800399643869668
tabletopgamedesign,tabletopgamedesign,0.679969186318395
CLOUDS,CLOUDS,0.6799612963191954
iZombie,iZombie,0.6799174457321635
TryingForABaby,TryingForABaby,0.6798302878119151
brutalism,brutalism,0.6797420407369331
addiction,addiction,0.6797271077861416
RedHood,RedHood,0.6795097462317706
BigBendTX,BigBendTX,0.6794092887564
folkmetal,folkmetal,0.6793758049244102
YAwriters,YAwriters,0.6793511389102294
careeradvice,careeradvice,0.679147397661024
death,death,0.6791463147470223
bestof,bestof,0.6791164114448991
pavement,pavement,0.6790887613736953
motorcitykitties,motorcitykitties,0.6790825884945173
avengedsevenfold,avengedsevenfold,0.6790362012434278
badMovies,badMovies,0.6790252783232554
Handjob,Handjob,0.6789950995087576
Leadership,Leadership,0.6789770924172152
Gamebundles,Gamebundles,0.6789279079917563
BurlingtonON,BurlingtonON,0.6788622077370866
Sashagrey,Sashagrey,0.6788490252820376
discordian,discordian,0.6788385868961974
NewGirl,NewGirl,0.678757820370006
FZ09,FZ09,0.6787417461122056
army,army,0.6786834520575159
teslore,teslore,0.6786832362620695
Cascadia,Cascadia,0.6785938686614998
sophiedee,sophiedee,0.6785555336059287
deals,deals,0.6784267040111298
haircoloring,haircoloring,0.6783969440275057
Gifts,Gifts,0.6783344028333573
Mushrooms,Mushrooms,0.6781991730129107
Images,Images,0.6781905947278549
Horticulture,Horticulture,0.6781169364212981
Chromecast,Chromecast,0.6781062246694943
Kentucky,Kentucky,0.6780019034271144
Tegu,Tegu,0.6779313050471945
DetroitRedWings,DetroitRedWings,0.6778811991057633
dissidia,dissidia,0.677878751067492
TryndamereMains,TryndamereMains,0.677857916282809
FinalFantasyVII,FinalFantasyVII,0.6778006841676092
fsu,fsu,0.6777811671694836
pcmasterrace,pcmasterrace,0.677674624222458
AskMechanics,AskMechanics,0.6775821896164387
GettingShredded,GettingShredded,0.6775590420324269
TheSimpsons,TheSimpsons,0.677540423811468
modafinil,modafinil,0.6775391398364469
nuclear,nuclear,0.6775354625222826
Flyers,Flyers,0.677480610295884
orioles,orioles,0.6774066408904814
electrical,electrical,0.677396788602463
booksuggestions,booksuggestions,0.6772708385531473
Torontobluejays,Torontobluejays,0.677188985015117
tampabayrays,tampabayrays,0.6771854348326597
Cakes,Cakes,0.6771466690538372
nyu,nyu,0.6771019746232297
lampwork,lampwork,0.6770672373684273
AlisonBrie,AlisonBrie,0.6770300356770824
Motorrad,Motorrad,0.6770070387391998
Healthy_Recipes,Healthy_Recipes,0.6769338544606904
enlightenment,enlightenment,0.6768669124280704
characterdrawing,characterdrawing,0.6768050173303966
WhereInTheDisneyWorld,WhereInTheDisneyWorld,0.6766001840700441
yorickmains,yorickmains,0.6765996907391536
nosleep,nosleep,0.6765122670580243
fukuoka,fukuoka,0.6764858871542625
architecture,architecture,0.6764819101521802
ELATeachers,ELATeachers,0.6764789328649996
LeagueOfDerp,LeagueOfDerp,0.6764778174500964
Distilling,Distilling,0.6764622288049598
gratefuldead,gratefuldead,0.6763898793493787
mewithoutYou,mewithoutYou,0.6763892006053398
MAME,MAME,0.6763797933424613
pygame,pygame,0.6763427431968461
biotech,biotech,0.6763284042111829
SiliconValleyHBO,SiliconValleyHBO,0.6762899407969526
Plumbing,Plumbing,0.6762874405873412
Championship,Championship,0.6762771371789873
portlandstate,portlandstate,0.6762435443927483
TheBlackKeys,TheBlackKeys,0.6760600480946021
SmashingPumpkins,SmashingPumpkins,0.6760131539692138
ZeroWaste,ZeroWaste,0.6759546491899211
InvertPets,InvertPets,0.6759060994045197
HPPD,HPPD,0.6758750080972575
womensstreetwear,womensstreetwear,0.6758745224043046
bonecollecting,bonecollecting,0.6758299286970929
MkeBucks,MkeBucks,0.6757989348568251
familyguy,familyguy,0.6757956675102917
sorceryofthespectacle,sorceryofthespectacle,0.675759559216435
caving,caving,0.6757075704614104
SDSU,SDSU,0.6756566594625013
Tarantino,Tarantino,0.675651785883697
heavyvinyl,heavyvinyl,0.675617840466394
latterdaysaints,latterdaysaints,0.6753964498813863
london,london,0.675395112763916
RandomActsOfGaming,RandomActsOfGaming,0.6753325638554483
falcons,falcons,0.6752784981682989
EmmaWatson,EmmaWatson,0.6751209457277878
MAguns,MAguns,0.6750849198595777
MacMiller,MacMiller,0.6750566873334375
freegames,freegames,0.6750091239647855
LessCredibleDefence,LessCredibleDefence,0.6749710261285982
starocean,starocean,0.6749242275582762
premed,premed,0.6748532771421492
cringepics,cringepics,0.6748454947244852
DaisyRidley,DaisyRidley,0.6748168191625497
serialkillers,serialkillers,0.6747585233787855
Fremont,Fremont,0.6746908168428422
Tennessee,Tennessee,0.6746211359019143
Smoothies,Smoothies,0.6746116193465997
vanhalen,vanhalen,0.6745389390378819
Flume,Flume,0.6745321731488623
mealtimevideos,mealtimevideos,0.6745196729224636
Emojerk,Emojerk,0.6745020112489694
TheUnderboob,TheUnderboob,0.6744955147571869
gonewildcouples,gonewildcouples,0.6744707552828118
losangeleskings,losangeleskings,0.6744564548642197
AlbumBabes,AlbumBabes,0.6743304141858245
simonfraser,simonfraser,0.6742748519240396
classics,classics,0.6742304982146492
skinwalkers,skinwalkers,0.674216840652568
CreepyWikipedia,CreepyWikipedia,0.6741185694728735
WhatsWrongWithYourDog,WhatsWrongWithYourDog,0.674078130274543
phuket,phuket,0.6740521579338737
Cd_collectors,Cd_collectors,0.6740073375940704
shibari,shibari,0.6739918685499651
DHExchange,DHExchange,0.6739563077848333
porn,porn,0.6739070617747702
LinkinPark,LinkinPark,0.6738782930013003
mdmatherapy,mdmatherapy,0.6738523328768343
turtle,turtle,0.6738048367312265
Instantregret,Instantregret,0.6737747968543609
mypartneristrans,mypartneristrans,0.6737474477338733
lane8,lane8,0.6736903738715031
ducks,ducks,0.6736593836646769
ImaginaryMonsterGirls,ImaginaryMonsterGirls,0.6735279644969754
SAGAcomic,SAGAcomic,0.673445826245801
WorldWar2,WorldWar2,0.6734345362232833
windowsinsiders,windowsinsiders,0.6733826648634312
mechanicalpencils,mechanicalpencils,0.6733804438916031
chicagofire,chicagofire,0.6733704737039129
gabber,gabber,0.6732210665005136
ANGEL,ANGEL,0.6731626332305206
BucksCountyPA,BucksCountyPA,0.6731311670620661
GuysHumpingThings,GuysHumpingThings,0.6731190723675935
rundisney,rundisney,0.6731000795380562
KatyaClover,KatyaClover,0.6730898202613212
ween,ween,0.6729181937651859
AMG,AMG,0.6729096215325404
firstworldproblems,firstworldproblems,0.6729058080280859
JusticePorn,JusticePorn,0.6728790763376018
corvallis,corvallis,0.6728057777990557
Corsair,Corsair,0.6727949779192902
dragoncon,dragoncon,0.6727710883971452
Jaguar,Jaguar,0.6727368524689682
Domains,Domains,0.672706573079344
ShakyKnees,ShakyKnees,0.6726847114602981
lotus,lotus,0.6726791954317077
squarebodies,squarebodies,0.6725572109540784
lesdom,lesdom,0.6725388186141655
Falcom,Falcom,0.6725010505989301
KTM,KTM,0.6724175810741443
Delco,Delco,0.6724171586989057
education,education,0.6723577311456675
herbalism,herbalism,0.6723571789918058
unRAID,unRAID,0.6723467225427955
hardstyle,hardstyle,0.6721902378765213
forestry,forestry,0.6721643856102781
Woodcarving,Woodcarving,0.6720538244901911
Bluegrass,Bluegrass,0.6720349858347302
gtaonlinecrews,gtaonlinecrews,0.6718260456377743
REDDITORSINRECOVERY,REDDITORSINRECOVERY,0.671799935709896
Coldplay,Coldplay,0.6717826697220433
LeagueOfIreland,LeagueOfIreland,0.671746599743799
ChanceTheRapper,ChanceTheRapper,0.671605846192204
Braves,Braves,0.6715755844459643
incubus,incubus,0.6715632783051064
hydro,hydro,0.6714586692899892
AR10,AR10,0.6714396515572548
hawks,hawks,0.6714034269635846
Fibromyalgia,Fibromyalgia,0.671379665230286
Wario,Wario,0.6713334018171859
parkslope,parkslope,0.6713283926377046
lowcarb,lowcarb,0.6713278577483175
MaleFashionMarket,MaleFashionMarket,0.6712850661877149
happy,happy,0.6712251189050451
TruckCampers,TruckCampers,0.6711955296395427
jaycemains,jaycemains,0.6711664046642283
farscape,farscape,0.6711657869158891
spreadeagle,spreadeagle,0.6710851975402494
gonewildstories,gonewildstories,0.6710242654790612
yesband,yesband,0.6710143342748117
modeltrains,modeltrains,0.6710047068392782
humblebundles,humblebundles,0.6709496475781911
astrophysics,astrophysics,0.6709202749671315
travel,travel,0.6708780026481013
torontoraptors,torontoraptors,0.6708524966156127
logitechharmony,logitechharmony,0.6708114418330616
ColoradoAvalanche,ColoradoAvalanche,0.6707871356932631
RoastMyCar,RoastMyCar,0.6707452778358481
indiegameswap,indiegameswap,0.6707220142896572
picrequests,picrequests,0.6706883797709912
fanart,fanart,0.6705959904435934
ChevyTahoe,ChevyTahoe,0.6705865184393587
ColoradoSprings,ColoradoSprings,0.6705743201491364
phish,phish,0.6705101493434086
bikedc,bikedc,0.6704489406544863
RCPlanes,RCPlanes,0.6704040985762063
girlsdoingstuffnaked,girlsdoingstuffnaked,0.6704035453328298
ImaginaryColorscapes,ImaginaryColorscapes,0.6702579544565886
Slipknot,Slipknot,0.6702414314863268
motogp,motogp,0.6702399922293786
KendrickLamar,KendrickLamar,0.6702370164644975
shockwaveporn,shockwaveporn,0.6702111453717987
sports,sports,0.6701635156810609
environment,environment,0.6701230763831574
jakanddaxter,jakanddaxter,0.6701115454915106
BackYardChickens,BackYardChickens,0.670100173213769
WorldOfYs,WorldOfYs,0.6700612041896272
wyoming,wyoming,0.6700356329705488
BostonBruins,BostonBruins,0.6699797149940642
roughcollies,roughcollies,0.6698829551693898
ColoradoRockies,ColoradoRockies,0.6698447100698502
nanaimo,nanaimo,0.6697535350380758
portlandme,portlandme,0.6696835365750684
swoleacceptance,swoleacceptance,0.6696562237115707
FindABand,FindABand,0.6696497679675087
MenWithToys,MenWithToys,0.6696144660054245
Armyaviation,Armyaviation,0.6696097304156963
breathoffire,breathoffire,0.6695115120915353
linkedin,linkedin,0.6694809516245088
chronotrigger,chronotrigger,0.6694211754657979
whitewater,whitewater,0.6693737384581245
tompetty,tompetty,0.6693411260919292
BulkOrCut,BulkOrCut,0.6693026765414979
ricohGR,ricohGR,0.6692725204595598
comicbookcollecting,comicbookcollecting,0.6691776684750427
fermentation,fermentation,0.6691572106870856
riddles,riddles,0.6691360757271919
saplings,saplings,0.6690084347584984
transfashionadvice,transfashionadvice,0.6689994691855405
Houseporn,Houseporn,0.6689826027221797
Artists,Artists,0.6689231125498036
TheeOhSees,TheeOhSees,0.6688118640613572
keming,keming,0.6687819597887417
penpals,penpals,0.6687185624260743
thedoors,thedoors,0.6686392938984109
ChristianUniversalism,ChristianUniversalism,0.6686301696890953
SoftwareEngineering,SoftwareEngineering,0.6685368069776374
DoesAnybodyElse,DoesAnybodyElse,0.6684749006762516
hanoi,hanoi,0.6684743145953903
huskies,huskies,0.6684720787232596
carcamping,carcamping,0.6684716260062286
Temple,Temple,0.6684477685478434
CAguns,CAguns,0.6684423145518096
fsusports,fsusports,0.6684350726562418
Nietzsche,Nietzsche,0.6684272723566598
drupal,drupal,0.6683967953325801
Mixology,Mixology,0.6683967335752038
minnesotaunited,minnesotaunited,0.6683787517884635
facial,facial,0.6683701828146525
awwnime,awwnime,0.6682680873612963
HarleyQuinn,HarleyQuinn,0.6682306115083151
Haircare,Haircare,0.6682223934743095
healthcare,healthcare,0.6681906548858969
Pendulum,Pendulum,0.668183751239402
grief,grief,0.6681481953396741
Datsun,Datsun,0.6679636575347357
supercars,supercars,0.667949144944094
lcfc,lcfc,0.6677955812330993
GSXR,GSXR,0.6677143026523223
gape,gape,0.6676766859443145
ModestMouse,ModestMouse,0.6675979278677842
FancyFollicles,FancyFollicles,0.6675921797925051
cornsnakes,cornsnakes,0.6674072210749841
tameimpalacirclejerk,tameimpalacirclejerk,0.667373374860719
MassagePorn,MassagePorn,0.667311987915956
StarTrekStarships,StarTrekStarships,0.6672885140235371
grime,grime,0.6671841000271878
ebookdeals,ebookdeals,0.6671362940223619
everytimeidie,everytimeidie,0.66709427992729
physicianassistant,physicianassistant,0.6670896282981109
richmondbc,richmondbc,0.6670283699625642
VictorianEra,VictorianEra,0.666990120208882
SCCM,SCCM,0.6669716071582449
CorporateFacepalm,CorporateFacepalm,0.6668460500505379
Sandwiches,Sandwiches,0.6668133421862844
russian,russian,0.66675489324102
Paramore,Paramore,0.6667367565057698
landscaping,landscaping,0.6666751862948453
PsychedelicTherapy,PsychedelicTherapy,0.6665528383097857
callofcthulhu,callofcthulhu,0.666468147114594
extramile,extramile,0.666415096149815
Newark,Newark,0.6663563154908028
fcdallas,fcdallas,0.6663481469629298
historyteachers,historyteachers,0.6663331748404575
glutenfreerecipes,glutenfreerecipes,0.6663141331131633
Trivium,Trivium,0.6662938060615076
gamingsuggestions,gamingsuggestions,0.6662718380807804
cookingvideos,cookingvideos,0.6662701241256556
frogdogs,frogdogs,0.6662156739101827
curb,curb,0.6661961236933964
